,account_balance,duration,credit_history,purpose,credit_amount,savings_bond_value,employed_since,intallment_rate,sex_marital,guarantor,residence_since,property,age,other_installment_plans,type_of_housing,nr_of_existing_credits,job,number_of_dependents,telephone,foreign,target
0,0,0,4,4,1,4,4,3,2,0,3,0,9,2,1,1,2,0,1,0,1
1,1,7,2,4,8,0,2,1,1,0,1,0,0,2,1,0,2,0,0,0,2
2,3,1,4,7,4,0,3,1,2,0,2,0,8,2,1,0,1,1,0,0,1
3,0,7,2,3,9,0,3,1,2,2,3,1,7,2,2,0,2,1,0,0,1
4,0,4,3,0,8,0,2,2,2,0,3,3,9,2,2,1,2,1,0,0,2
5,3,6,2,7,9,4,2,1,2,0,3,3,5,2,2,0,1,1,1,0,1
6,3,4,2,3,5,2,4,2,2,0,3,1,9,2,1,0,2,0,0,0,1
7,1,6,2,1,8,0,2,1,2,0,1,2,5,2,0,0,3,0,1,0,1
8,3,1,2,4,6,3,3,1,0,0,3,0,9,2,1,0,1,0,0,0,1
9,1,5,4,0,8,0,0,3,3,0,1,2,2,2,1,1,3,0,0,0,2
10,1,1,2,0,2,0,1,2,1,0,0,2,1,2,0,0,2,0,0,0,2
11,0,7,2,9,7,0,1,2,1,0,3,1,1,2,0,0,2,0,0,0,2
12,1,1,2,4,3,0,2,0,1,0,0,2,0,2,1,0,2,0,1,0,1
13,0,4,4,0,1,0,4,3,2,0,3,2,9,2,1,1,1,0,0,0,2
14,0,2,2,0,2,0,2,1,1,0,3,2,2,2,0,0,2,0,0,0,1
15,0,4,2,4,2,1,2,3,1,0,1,2,4,2,1,0,1,0,0,0,2
16,3,4,4,4,5,4,4,3,2,0,3,1,9,2,1,1,2,0,0,0,1
17,0,5,0,9,9,4,1,1,2,0,2,2,1,0,1,2,2,0,0,0,1
18,1,4,2,1,9,0,4,3,1,0,1,3,7,2,2,0,3,0,1,0,2
19,3,4,2,4,6,2,4,2,2,0,1,2,4,2,1,0,2,1,1,0,1
20,3,0,4,0,4,0,2,3,2,0,3,2,8,2,1,2,2,0,1,0,1
21,0,0,2,4,5,2,2,1,2,0,2,0,7,2,0,0,2,1,0,0,1
22,0,1,4,0,4,0,1,0,2,0,2,0,8,2,0,1,1,1,0,1,1
23,1,1,4,1,3,1,1,2,2,0,3,1,7,2,1,0,2,0,0,0,1
24,3,1,4,3,4,4,2,1,3,0,0,2,1,2,1,1,2,0,0,1,1
25,0,0,2,3,2,0,2,0,2,0,1,0,5,0,1,0,1,0,1,0,1
26,3,0,0,4,0,0,4,3,3,0,3,2,6,2,1,0,1,0,0,0,1
27,2,1,1,4,0,3,2,2,1,0,2,0,7,2,0,1,2,0,0,0,1
28,1,0,2,4,5,0,2,2,2,2,1,0,5,2,1,0,2,0,0,0,1
29,0,7,3,9,8,0,4,2,2,0,3,3,9,2,1,1,2,0,1,0,2
30,1,3,2,9,4,3,1,2,3,0,2,0,5,0,1,0,2,0,1,0,1
31,0,4,2,3,7,0,2,1,2,0,1,2,2,1,1,0,2,0,0,0,1
32,1,3,2,0,8,1,2,1,2,0,1,2,3,2,1,1,2,0,1,0,1
33,3,1,4,9,2,4,4,3,2,0,3,3,9,2,0,0,1,0,0,0,1
34,2,1,2,3,2,0,1,3,1,0,0,1,4,0,1,0,3,0,1,0,1
35,1,7,4,4,8,0,1,3,2,0,1,1,1,2,1,1,1,0,0,0,2
36,3,7,4,7,8,0,2,0,2,0,2,3,4,0,2,0,2,0,1,0,1
37,2,3,2,4,4,0,2,3,2,1,1,0,6,1,1,0,2,0,0,0,2
38,2,1,2,5,1,0,2,1,2,0,1,2,6,2,1,0,2,0,1,0,1
39,1,0,2,4,0,0,2,3,2,0,2,0,1,2,1,0,2,0,0,0,1
40,3,5,2,4,5,2,4,3,2,0,1,2,3,0,1,0,3,0,0,0,1
41,1,1,2,4,1,2,2,2,0,0,0,2,1,2,1,0,2,0,1,0,1
42,1,3,3,6,8,0,2,1,2,0,3,0,7,2,1,0,1,1,1,0,1
43,0,5,4,1,8,1,3,0,3,0,3,2,1,2,0,1,2,0,0,0,1
44,0,7,4,1,8,0,4,3,1,0,3,3,9,1,2,1,1,0,0,0,2
45,3,1,4,0,2,0,1,3,1,0,3,2,5,2,1,1,3,0,0,0,1
46,3,6,2,4,4,2,4,3,2,0,3,2,6,2,1,0,2,0,0,0,1
47,0,0,2,1,2,2,0,0,1,0,1,1,0,2,0,0,0,0,1,0,1
48,3,1,4,0,9,0,2,0,2,0,3,1,6,2,1,1,1,0,0,0,1
49,3,1,2,4,4,1,2,3,1,1,1,0,2,2,1,0,2,0,0,0,1
50,1,4,3,3,5,4,1,3,2,0,1,1,3,0,1,0,1,0,0,0,1
51,1,5,3,1,8,0,4,0,2,0,1,2,3,2,1,1,3,0,1,0,1
52,3,1,2,4,1,0,2,2,2,0,1,2,1,2,1,0,2,0,0,0,1
53,3,3,2,1,6,4,2,1,2,0,0,1,4,2,1,0,2,0,1,0,1
54,1,6,3,0,4,0,4,3,2,0,3,3,9,0,2,1,2,0,1,0,2
55,3,0,1,0,0,4,2,0,2,2,1,0,1,1,1,0,1,1,0,0,1
56,1,1,2,4,8,4,0,1,2,0,0,3,8,2,1,0,3,0,1,0,2
57,3,6,4,4,9,0,2,1,1,0,1,2,4,1,1,1,2,0,0,0,1
58,2,3,2,0,4,0,4,2,1,0,1,2,0,2,1,0,3,0,0,0,1
59,0,6,4,3,8,0,1,3,1,1,3,3,0,2,0,1,1,0,1,0,2
60,1,0,2,9,2,0,2,1,3,0,0,0,2,0,1,0,2,0,1,0,1
61,1,2,4,4,3,4,4,3,2,2,3,0,8,2,1,1,2,0,1,0,1
62,1,6,0,9,4,0,4,3,2,0,3,3,9,2,2,0,3,0,1,0,2
63,1,7,0,9,9,0,2,1,2,0,1,2,1,2,1,0,2,0,1,0,2
64,3,4,2,4,6,0,1,3,1,0,3,1,1,2,1,0,2,0,1,0,1
65,3,5,2,6,8,4,4,3,2,0,3,1,8,2,1,3,2,1,1,0,1
66,3,1,2,4,4,0,1,1,1,0,1,2,3,0,1,0,2,0,0,0,1
67,1,1,2,0,1,3,2,3,3,0,0,0,0,2,1,0,2,0,0,0,1
68,3,6,2,7,3,0,2,3,2,0,3,3,6,1,2,0,2,0,1,0,2
69,3,6,2,4,5,4,2,3,1,0,3,2,1,2,1,0,2,0,0,0,1
70,3,6,2,1,9,0,2,0,1,0,1,1,3,0,1,0,2,0,0,0,1
71,3,0,4,4,0,4,4,3,2,0,1,1,8,2,0,1,1,0,1,0,1
72,0,0,4,2,1,0,4,2,2,0,3,3,8,0,2,1,3,1,1,0,1
73,1,7,4,9,8,0,3,1,1,0,0,0,7,0,1,1,1,0,0,0,1
74,0,6,2,7,4,4,4,3,2,0,3,3,7,2,1,0,3,0,1,0,2
75,0,1,4,1,3,0,4,3,2,0,3,3,9,2,2,1,3,0,0,0,1
76,0,7,2,4,7,0,1,3,2,0,2,2,5,2,1,0,2,0,0,0,2
77,1,1,3,4,8,0,3,1,2,0,3,1,8,2,1,0,2,0,0,0,1
78,3,7,0,1,9,4,2,1,2,0,1,1,6,2,1,0,1,1,0,0,1
79,1,5,2,3,7,0,1,1,3,0,0,1,0,2,1,0,2,0,0,0,1
80,3,4,2,4,8,4,1,0,1,0,0,2,7,2,1,1,2,0,1,0,2
81,3,2,2,4,1,2,4,3,2,0,2,1,8,1,1,0,2,0,1,0,1
82,3,3,2,9,3,1,2,2,1,0,3,1,1,2,0,0,1,0,0,0,1
83,0,4,2,2,3,0,4,3,1,2,3,0,9,2,1,0,1,0,1,0,1
84,0,1,2,4,4,0,4,2,2,0,3,0,8,2,1,0,1,0,0,0,1
85,3,1,4,9,2,0,2,3,1,2,1,0,3,2,1,1,3,0,1,0,1
86,1,3,4,3,2,0,1,3,1,0,0,1,2,2,1,1,2,0,0,0,1
87,1,6,2,7,9,1,2,0,2,0,3,3,8,2,2,0,2,1,1,0,2
88,0,3,2,0,4,1,3,3,2,0,2,2,3,2,1,0,3,1,1,0,1
89,0,1,0,6,1,0,3,3,2,0,2,0,2,2,1,1,2,0,0,0,2
90,3,1,4,4,0,0,4,3,2,0,3,0,9,2,1,0,2,0,0,0,1
91,0,1,4,1,2,0,4,3,2,0,2,0,9,2,1,0,2,0,0,0,1
92,3,1,4,4,0,4,4,3,1,0,2,1,4,0,1,0,1,1,0,0,2
93,2,4,4,3,7,4,4,3,2,1,3,3,0,2,0,1,2,0,0,0,1
94,1,1,2,0,2,3,4,3,2,0,3,0,9,2,1,0,2,0,1,0,1
95,1,7,0,9,9,0,1,2,2,0,3,3,9,2,0,0,2,0,1,0,2
96,3,1,4,7,4,4,3,3,1,0,1,2,9,2,1,0,2,0,0,0,1
97,1,3,2,9,5,1,2,3,2,0,3,2,5,2,1,0,2,0,0,0,1
98,1,6,4,4,5,0,4,3,2,0,3,0,5,2,1,0,2,0,0,0,1
99,1,4,3,1,8,4,3,2,2,0,3,1,5,0,0,1,3,1,1,0,1
100,3,4,2,0,2,1,4,3,3,0,3,0,7,2,0,0,1,0,0,0,1
101,1,6,2,4,5,0,3,3,2,0,3,2,1,2,0,0,2,0,0,0,1
102,3,0,3,4,0,0,2,2,1,0,1,0,1,2,1,0,2,0,0,0,1
103,1,0,4,3,4,0,3,3,2,0,2,2,5,2,0,0,2,0,1,0,1
104,3,1,2,1,5,4,1,1,3,0,3,2,1,2,0,0,2,0,1,0,1
105,1,4,4,2,9,0,2,1,2,1,2,2,6,2,1,1,3,1,1,0,2
106,3,3,1,0,8,0,4,1,2,0,3,3,6,0,1,1,3,1,1,0,2
107,1,1,2,0,8,0,3,1,2,0,1,2,4,2,1,0,2,0,0,0,1
108,0,4,2,3,9,4,1,0,1,0,1,1,3,2,1,0,2,0,1,1,1
109,1,2,2,9,2,2,4,0,3,0,1,0,5,2,1,0,2,0,1,0,1
110,1,0,3,9,2,1,4,0,0,0,1,2,4,0,1,1,2,1,0,0,1
111,2,2,2,7,0,0,1,3,1,0,3,1,0,2,0,0,2,0,1,0,1
112,1,3,2,0,8,0,3,2,2,0,2,0,2,2,0,0,1,0,0,0,1
113,3,6,4,0,9,0,2,3,1,0,1,0,1,1,1,1,2,0,1,0,2
114,0,1,2,4,3,2,4,2,3,0,0,0,5,2,1,0,2,0,0,0,1
115,3,7,4,4,6,4,4,3,2,0,0,0,8,2,1,0,2,0,1,0,1
116,0,7,2,4,8,4,3,3,1,0,2,2,3,2,1,0,3,0,1,0,2
117,0,1,4,3,4,4,1,1,1,1,2,0,2,2,0,1,2,0,0,1,1
118,0,6,4,3,7,2,2,0,1,0,3,2,0,2,1,1,2,0,0,0,2
119,1,1,4,0,5,2,3,2,0,0,2,2,5,2,1,0,3,0,1,0,1
120,0,4,2,4,3,0,2,2,1,0,1,0,1,2,1,1,2,0,1,0,2
121,3,4,4,1,7,0,4,3,1,0,1,2,7,2,0,1,3,0,1,0,1
122,3,1,2,3,3,0,2,2,2,0,1,0,1,2,0,0,1,0,0,0,1
123,2,1,4,0,0,0,4,3,2,0,3,3,9,2,2,1,2,0,1,0,1
124,1,3,2,3,4,4,1,3,1,0,2,0,2,2,0,0,2,0,0,0,2
125,0,1,4,0,4,0,2,3,2,0,1,1,3,2,1,1,2,0,0,0,1
126,0,1,2,4,0,0,2,3,3,0,1,0,7,2,1,0,1,0,0,0,1
127,1,1,2,6,0,0,2,3,2,0,1,2,3,2,1,0,2,0,0,0,2
128,1,1,4,1,3,0,0,3,2,0,1,2,5,2,1,1,3,0,1,0,1
129,0,1,4,0,6,0,2,2,1,1,1,0,3,2,1,1,2,0,0,0,2
130,1,7,2,0,9,4,3,0,1,0,1,2,1,2,1,0,2,0,0,0,1
131,0,6,3,7,8,0,2,3,2,0,2,1,3,1,1,0,2,0,1,0,2
132,3,2,2,3,5,0,1,1,2,0,2,1,2,0,1,1,1,0,0,0,1
133,3,3,2,3,4,0,2,3,2,0,3,3,8,0,2,1,2,0,0,0,1
134,3,7,2,4,9,1,3,1,1,0,3,0,0,2,1,0,2,0,1,0,1
135,3,1,4,4,1,4,4,3,1,0,1,0,6,2,1,1,2,0,1,0,1
136,3,5,3,1,9,3,2,1,2,0,1,2,2,2,1,1,2,0,0,0,1
137,1,1,2,4,0,2,2,3,2,0,2,0,9,2,1,0,1,0,0,0,2
138,1,2,4,4,5,4,3,3,2,2,1,0,5,0,1,2,2,0,1,0,1
139,2,1,2,4,3,0,2,1,1,0,1,2,7,2,0,0,1,0,1,0,1
140,2,0,2,0,0,3,1,1,3,0,1,0,2,2,1,0,0,0,0,1,1
141,1,6,2,4,8,0,1,3,1,0,0,3,3,2,1,0,3,0,1,0,1
142,0,5,2,4,6,0,2,2,2,0,1,2,2,2,1,0,3,0,0,0,1
143,0,3,2,3,5,0,2,1,2,0,1,2,0,2,1,0,2,0,0,0,2
144,3,4,4,3,4,0,1,3,1,0,3,1,0,2,1,0,2,0,1,0,1
145,1,7,1,9,6,1,3,3,2,0,1,2,3,2,1,0,2,0,0,0,1
146,0,0,4,0,0,0,4,0,1,0,3,3,6,2,1,1,2,0,1,0,1
147,3,1,4,0,0,1,3,3,1,0,2,2,8,2,1,1,2,0,1,0,1
148,0,6,4,3,8,0,2,2,2,2,1,1,2,2,1,1,2,0,0,0,1
149,3,3,4,4,3,3,4,3,2,0,3,2,8,2,1,1,2,0,0,0,1
150,3,0,2,4,2,1,4,1,2,0,3,3,7,0,2,0,2,1,1,0,1
151,3,1,2,4,4,0,2,0,2,0,3,1,6,2,1,0,2,0,1,1,1
152,2,6,2,4,8,0,2,3,2,0,0,2,1,2,1,0,2,0,0,0,1
153,1,4,4,1,9,3,4,1,1,0,3,3,3,2,0,0,2,0,0,0,1
154,1,4,3,9,8,1,3,3,2,0,3,2,5,2,0,0,3,0,1,0,1
155,0,1,2,3,2,0,2,1,1,0,3,2,0,2,0,0,2,0,0,0,2
156,0,0,4,6,2,1,4,2,2,2,3,0,8,2,1,1,2,1,0,1,1
157,0,1,1,8,0,0,4,3,3,0,0,2,7,0,1,0,1,0,0,0,1
158,1,4,2,0,6,1,3,1,2,0,2,2,6,0,1,1,2,0,1,0,1
159,3,0,4,4,3,4,2,0,2,0,1,0,5,2,1,1,1,1,0,0,1
160,3,4,4,4,6,1,4,2,2,0,3,0,5,2,1,0,2,1,1,0,1
161,3,3,4,0,1,0,1,3,1,0,0,1,3,2,1,1,2,0,0,0,1
162,3,2,2,5,1,2,3,3,2,0,2,1,5,2,1,1,2,0,1,0,1
163,1,1,2,0,9,0,0,1,2,0,3,3,9,0,2,0,3,0,1,0,1
164,3,6,2,0,0,2,4,3,2,0,3,1,5,2,1,0,2,0,0,0,1
165,3,0,2,3,6,2,2,0,2,0,1,2,4,2,1,0,2,0,1,0,1
166,0,3,2,3,1,0,0,3,1,0,1,2,4,2,1,0,2,0,0,0,2
167,1,1,2,3,3,3,1,3,1,0,0,0,0,2,1,0,2,0,0,0,1
168,3,4,2,3,7,0,3,1,1,0,3,1,1,2,0,0,2,0,1,0,1
169,1,4,4,9,4,0,4,3,0,0,3,0,4,2,1,1,2,0,1,0,2
170,0,2,0,0,1,0,4,3,2,0,2,2,4,2,0,1,2,1,0,0,2
171,3,1,2,3,0,0,2,3,1,0,0,0,1,2,1,0,2,0,1,0,1
172,1,4,3,3,4,0,0,2,1,0,1,1,5,2,1,0,3,0,1,0,2
173,1,0,2,4,2,0,2,3,2,2,1,0,4,2,1,0,2,0,0,1,1
174,0,4,3,7,6,0,1,1,2,0,0,1,1,2,1,1,2,0,0,0,2
175,3,5,1,1,9,4,0,3,1,0,0,0,9,0,1,0,3,0,1,0,2
176,0,1,2,3,5,0,2,1,0,0,0,2,7,2,1,0,2,0,0,0,1
177,0,0,4,4,0,2,4,3,2,0,3,2,8,2,1,1,2,0,0,0,1
178,3,1,2,4,4,0,3,3,2,0,1,2,4,2,0,1,3,1,1,0,1
179,0,4,4,0,0,0,4,3,2,0,3,0,9,2,1,1,2,0,0,0,1
180,3,6,3,9,9,0,1,0,0,0,0,2,2,2,1,1,2,0,0,0,2
181,1,6,3,9,7,0,2,1,0,0,1,0,3,1,1,1,3,0,1,0,2
182,0,4,1,0,3,4,2,3,2,0,1,1,7,2,1,1,1,1,0,0,2
183,3,4,4,3,7,3,2,3,2,0,3,0,8,2,1,0,2,0,1,0,1
184,1,3,4,0,0,0,4,3,2,0,3,2,5,0,1,0,2,1,1,0,2
185,3,2,4,4,2,0,2,3,2,0,1,1,4,2,1,1,2,0,0,0,1
186,1,0,1,1,8,0,4,1,1,0,3,3,9,0,2,0,3,1,1,0,2
187,1,3,4,0,1,0,0,1,2,0,2,2,9,2,2,2,0,0,1,0,1
188,0,1,2,4,0,1,3,3,3,0,0,1,0,2,1,0,2,0,0,0,2
189,1,3,0,3,6,0,2,0,1,0,3,2,4,0,1,1,2,0,1,0,1
190,3,4,2,9,7,3,2,1,2,0,2,1,9,2,1,2,3,0,1,0,2
191,1,7,0,9,7,1,3,3,2,0,3,3,5,2,2,0,1,1,0,0,2
192,1,5,2,9,7,0,2,3,2,0,1,2,5,2,1,0,2,1,1,0,2
193,3,0,2,4,4,0,3,1,3,0,1,0,3,2,0,0,2,0,0,0,1
194,1,7,2,4,6,1,2,3,2,2,3,1,0,2,0,0,2,0,0,0,2
195,1,0,4,7,3,0,4,1,1,0,2,2,5,2,1,1,3,0,1,0,2
196,3,0,4,4,2,0,2,0,1,0,0,2,2,2,1,1,2,0,1,0,1
197,1,1,2,3,1,1,1,3,1,0,3,2,2,0,0,3,2,0,0,0,2
198,1,4,2,1,5,4,4,3,2,0,3,3,5,0,2,0,2,0,1,0,1
199,1,3,3,3,7,0,4,3,0,0,2,3,7,2,1,0,3,0,1,0,2
200,3,0,4,7,1,2,4,3,2,0,1,2,8,2,1,1,2,0,1,0,1
201,0,1,2,0,1,0,2,3,3,0,2,0,2,2,1,0,1,0,0,0,1
202,3,5,3,9,8,0,3,2,2,0,3,2,1,2,1,1,2,0,0,0,1
203,0,1,2,8,0,0,3,3,3,0,3,1,0,2,0,0,2,0,0,0,2
204,3,1,4,0,3,0,4,3,2,0,0,0,6,2,1,1,1,1,0,0,1
205,0,5,4,1,9,0,4,2,2,0,3,3,6,2,2,2,3,1,1,0,1
206,3,1,4,3,4,0,4,3,2,0,3,0,7,2,1,2,2,0,1,0,1
207,1,1,4,5,2,0,3,3,2,0,2,1,1,2,1,0,2,0,0,0,1
208,0,4,2,9,8,0,2,1,3,0,1,2,0,1,1,0,1,0,0,0,1
209,3,1,2,1,2,3,3,2,2,0,1,1,9,2,1,0,2,0,0,1,1
210,3,0,4,4,6,4,2,0,2,0,1,0,4,2,1,1,2,1,0,0,1
211,3,6,2,4,7,4,4,1,1,0,3,0,7,2,1,0,1,0,1,0,1
212,0,5,0,9,8,0,0,1,2,0,3,1,8,1,1,1,2,0,1,0,2
213,2,5,3,9,4,0,4,3,2,0,3,0,9,2,1,0,3,0,1,0,2
214,3,6,4,4,6,4,4,3,2,0,1,2,8,2,1,0,2,0,1,0,1
215,1,0,4,8,0,4,3,0,1,0,2,1,6,2,1,1,1,0,0,0,1
216,0,3,0,9,6,0,3,2,2,0,0,1,4,0,1,0,2,0,1,0,1
217,2,6,2,4,7,0,2,1,2,0,1,0,0,2,1,0,2,0,1,0,1
218,0,4,2,3,6,0,2,1,0,0,1,0,1,2,0,0,1,0,0,0,1
219,3,1,2,0,2,0,2,1,1,0,3,2,9,2,1,0,2,0,1,0,1
220,1,1,2,4,0,0,1,3,3,2,0,0,1,0,1,0,1,0,0,0,1
221,0,1,2,7,1,4,2,3,1,0,3,1,0,0,0,0,2,0,1,0,1
222,3,1,2,4,0,0,2,3,2,0,1,0,3,0,1,1,2,0,0,0,1
223,3,4,3,9,6,4,2,3,2,0,3,0,4,2,1,1,2,1,1,0,1
224,3,2,2,1,7,0,2,2,2,0,1,2,3,2,1,0,2,0,1,0,1
225,3,6,0,6,5,0,2,3,2,0,1,2,2,2,1,1,2,0,0,0,1
226,1,7,2,4,9,3,3,0,2,1,1,3,2,0,1,1,2,0,1,0,2
227,0,1,2,3,9,0,4,3,2,0,3,3,9,2,2,0,3,0,1,0,2
228,3,0,2,4,2,0,3,3,2,0,1,2,0,2,1,0,2,0,0,0,2
229,0,4,2,3,6,0,1,3,2,0,0,3,0,0,2,0,2,0,0,0,1
230,2,6,2,4,7,0,2,3,2,0,1,2,1,2,1,0,2,0,0,0,2
231,3,0,2,0,5,2,4,1,2,0,3,3,8,2,2,0,1,0,0,0,1
232,3,1,2,4,4,1,3,2,2,0,0,3,5,2,1,0,2,0,0,0,1
233,1,3,2,4,0,0,2,3,3,2,1,0,1,2,1,0,1,0,0,0,1
234,3,0,4,4,3,0,3,1,2,0,0,0,7,2,1,2,1,1,0,0,1
235,0,4,2,4,3,0,0,3,2,0,1,2,3,1,1,0,3,1,0,0,2
236,1,0,2,0,9,4,0,0,2,0,1,1,0,2,1,0,0,0,1,0,2
237,1,4,2,9,5,1,4,3,0,0,1,2,9,0,0,1,1,0,0,0,2
238,3,1,4,4,2,0,2,3,1,0,1,1,5,2,1,1,2,0,0,0,1
239,0,5,2,4,5,0,4,0,2,2,2,1,6,2,1,0,2,1,0,0,1
240,0,4,2,0,0,4,4,3,1,0,1,2,3,0,1,0,2,0,0,0,2
241,3,0,2,4,3,0,3,2,2,0,1,1,8,2,1,0,2,1,0,0,1
242,0,7,0,1,7,0,4,2,2,0,3,3,1,2,2,1,2,1,0,0,2
243,3,1,4,9,1,0,2,2,1,0,1,0,2,2,1,1,2,0,0,0,1
244,3,1,1,8,6,2,2,3,1,0,2,0,5,2,1,0,1,1,0,0,1
245,3,4,2,9,1,0,3,3,2,0,0,0,1,2,1,0,2,0,1,0,1
246,3,1,4,4,0,0,4,3,2,0,3,0,8,2,1,2,2,0,0,0,1
247,3,0,0,0,1,1,2,3,2,0,0,3,5,0,0,0,2,0,0,1,1
248,2,4,2,3,4,0,2,1,2,0,1,0,1,2,1,0,2,0,0,0,1
249,3,3,2,4,0,0,0,2,1,1,3,0,0,2,0,0,2,0,0,0,2
250,0,0,4,0,0,3,3,2,1,0,3,0,6,2,1,1,1,0,1,0,1
251,2,1,2,3,4,0,2,0,1,0,1,2,8,2,1,0,1,0,0,0,1
252,1,5,2,0,4,0,2,3,1,2,1,3,1,0,1,0,2,0,0,0,2
253,3,4,3,3,7,1,2,1,2,0,2,1,5,2,1,1,2,0,0,0,1
254,1,0,2,3,4,4,3,1,2,0,0,2,1,2,1,0,2,0,1,0,1
255,1,7,3,4,9,4,2,0,2,0,0,0,2,2,1,0,1,0,0,0,1
256,3,4,4,4,5,0,2,3,2,0,1,0,5,2,1,1,1,0,0,0,1
257,0,1,1,4,4,0,2,3,0,0,0,3,3,2,2,0,2,0,0,0,2
258,3,2,2,1,7,1,1,0,1,0,3,2,0,2,1,0,2,0,1,0,1
259,3,1,4,4,1,1,0,3,1,0,3,0,9,2,1,2,1,0,0,0,1
260,0,1,2,3,3,0,2,1,2,0,1,0,2,2,1,0,2,0,0,0,1
261,0,4,2,4,3,0,4,3,1,0,3,2,9,2,1,0,2,0,0,0,1
262,0,3,4,0,8,0,4,1,2,0,3,3,5,2,2,2,3,0,1,0,1
263,3,1,4,7,5,0,4,1,1,0,3,3,9,0,2,2,1,0,0,0,1
264,3,1,4,0,1,0,4,2,2,0,3,0,4,2,1,1,1,1,0,1,1
265,1,2,2,4,0,0,4,3,2,0,2,2,6,2,1,0,2,1,0,0,2
266,3,6,4,9,8,4,4,3,2,0,3,0,5,2,1,1,2,0,0,0,1
267,3,4,2,4,3,0,1,3,1,0,2,2,6,1,1,0,2,0,1,0,1
268,0,2,2,0,9,0,4,0,0,0,3,1,7,2,1,0,3,0,1,1,2
269,3,4,2,4,1,4,4,3,2,0,1,2,1,2,1,1,2,0,0,0,1
270,3,3,2,0,5,4,3,3,2,0,2,1,4,2,1,0,2,0,0,1,1
271,3,1,4,3,2,2,3,2,1,0,3,2,6,2,0,0,2,0,1,0,1
272,1,7,1,0,9,4,0,3,2,1,3,3,5,2,2,0,3,0,1,0,1
273,1,7,2,4,6,0,3,3,2,0,3,0,2,2,1,1,2,0,0,0,2
274,0,5,2,6,9,0,1,0,0,0,0,3,5,2,1,0,1,0,1,0,2
275,3,0,2,4,5,0,2,0,2,0,1,0,4,2,1,0,2,1,0,0,1
276,3,3,4,4,5,0,2,1,1,0,1,2,1,2,1,1,2,0,0,0,1
277,0,1,2,3,1,4,4,1,0,0,3,1,8,2,1,0,1,0,1,0,1
278,3,0,2,3,7,0,1,0,1,0,3,1,4,2,1,0,2,0,0,0,2
279,3,4,2,4,3,1,2,3,2,0,3,2,3,2,0,0,3,0,1,0,1
280,3,2,4,1,6,3,4,2,2,0,3,3,0,2,0,1,2,0,1,0,1
281,3,1,2,3,3,0,2,3,2,0,1,0,8,2,1,0,2,0,0,0,1
282,2,3,1,4,2,4,3,3,2,0,3,2,8,0,1,0,1,0,0,0,1
283,3,2,4,3,3,4,4,3,2,0,3,1,9,2,1,0,2,0,0,0,1
284,1,4,4,0,7,1,1,3,0,0,1,2,6,2,1,0,2,0,1,0,1
285,0,7,2,0,9,0,1,0,1,0,0,0,5,2,1,0,1,0,1,0,1
286,0,7,2,1,8,0,3,3,2,0,2,1,1,2,1,0,2,1,0,0,1
287,1,7,3,2,9,1,0,1,2,0,3,3,4,2,2,0,3,0,1,0,1
288,1,1,2,4,1,0,2,3,1,2,3,0,8,2,1,1,2,0,1,0,1
289,0,4,3,4,1,0,1,3,3,0,3,0,8,1,1,0,2,0,0,0,2
290,3,1,2,9,1,0,2,1,3,0,1,0,1,2,1,0,2,0,1,1,1
291,1,6,2,1,9,0,1,0,3,0,3,2,2,2,0,0,3,0,1,0,2
292,0,4,4,1,8,0,4,1,1,0,3,3,7,2,2,1,3,1,1,0,1
293,2,7,4,1,8,0,4,3,2,0,3,3,9,2,2,0,2,0,0,0,1
294,3,7,4,9,9,4,4,3,0,0,1,2,8,0,1,1,3,1,0,0,1
295,1,7,2,3,9,0,1,0,1,0,1,2,1,2,1,0,2,0,1,0,2
296,3,1,2,1,7,4,1,0,1,0,3,2,0,2,0,0,2,0,0,0,1
297,3,1,2,0,2,4,4,3,2,1,1,1,7,2,1,0,1,0,0,1,1
298,3,3,2,3,5,0,2,2,2,0,3,0,7,2,1,0,2,0,1,0,1
299,1,4,4,3,5,3,3,2,2,0,1,2,4,2,1,1,2,0,1,0,1
300,3,0,2,0,0,0,0,0,1,0,3,0,9,2,1,0,0,0,1,0,1
301,1,6,0,4,7,0,2,3,1,0,0,2,7,2,1,0,2,0,1,0,2
302,2,4,4,0,2,4,3,3,2,0,1,0,6,0,1,1,1,1,0,0,2
303,0,1,4,0,1,0,3,3,2,1,2,1,8,2,1,1,2,0,1,0,1
304,3,7,4,0,9,2,2,1,2,0,1,3,7,0,2,0,2,0,0,0,2
305,3,0,2,3,3,3,2,3,0,0,1,0,4,2,1,0,2,0,0,0,1
306,3,5,2,1,8,4,3,1,1,0,3,1,1,1,0,0,1,0,0,0,1
307,0,1,2,4,0,1,1,3,3,0,2,3,4,2,1,0,1,0,1,0,2
308,1,0,2,3,1,0,2,2,1,0,3,0,1,2,1,0,2,0,0,0,2
309,1,0,2,0,0,0,2,3,3,0,3,0,0,2,0,0,1,0,0,0,1
310,1,7,2,2,8,4,0,2,2,0,3,3,7,0,2,0,0,0,1,0,1
311,3,4,2,3,8,1,2,3,2,0,0,2,1,1,1,0,2,0,0,0,1
312,2,4,2,3,7,0,1,1,1,0,3,2,1,2,1,0,2,0,0,0,1
313,1,1,2,0,0,0,3,1,3,0,2,2,1,0,1,0,1,0,0,0,2
314,2,0,2,0,3,4,1,0,2,0,1,0,3,2,1,0,1,1,0,1,1
315,0,6,1,3,5,0,4,3,2,0,3,2,4,0,1,0,2,0,0,0,2
316,0,1,2,3,0,0,2,1,2,2,2,1,6,2,1,0,1,1,0,0,1
317,1,4,2,3,7,4,2,0,1,0,3,1,8,2,1,0,1,0,1,0,1
318,3,1,4,7,0,0,2,3,2,0,1,2,4,2,1,1,2,0,0,0,1
319,0,2,3,3,7,0,4,0,1,0,3,1,2,2,1,1,1,0,0,0,1
320,1,5,4,0,7,0,0,3,3,0,1,2,2,2,1,1,3,0,0,0,2
321,0,4,2,4,4,0,1,3,0,0,2,1,4,2,1,0,2,0,0,0,2
322,0,4,2,1,6,0,3,1,2,0,0,3,5,2,2,0,3,0,1,0,1
323,0,3,2,3,5,3,2,3,2,0,1,2,2,2,1,0,2,0,0,0,1
324,3,3,4,0,1,0,2,3,1,0,2,0,5,2,1,1,2,0,0,0,1
325,0,0,4,0,6,0,3,0,2,0,3,0,6,2,1,1,1,0,0,1,1
326,3,1,4,3,8,4,4,1,2,0,3,1,8,2,0,0,2,0,1,0,1
327,3,4,2,0,3,3,3,3,1,0,2,2,5,2,1,0,2,1,1,0,1
328,2,6,2,4,7,0,4,3,2,0,1,2,4,2,1,0,2,0,0,0,1
329,1,0,2,4,1,0,4,3,2,0,3,2,2,2,1,0,2,1,0,0,1
330,0,4,4,1,8,0,0,1,2,0,3,3,9,2,2,1,3,0,1,0,1
331,3,3,4,7,3,1,2,3,1,0,1,0,3,2,1,1,2,0,0,0,2
332,1,7,2,0,9,1,1,3,1,0,1,1,1,2,1,0,3,0,0,0,2
333,3,7,4,1,9,1,2,1,1,0,3,2,1,0,0,1,1,0,0,0,2
334,0,4,0,3,7,0,4,2,2,0,3,3,0,0,0,1,2,1,0,0,2
335,0,0,4,3,6,0,2,0,0,0,3,0,7,2,0,0,3,0,1,0,2
336,1,2,2,4,4,0,1,1,1,2,3,1,0,2,1,0,1,0,0,0,1
337,0,2,2,5,2,4,2,3,1,0,1,2,1,2,0,0,2,0,0,0,2
338,0,4,2,3,7,0,2,3,2,0,3,1,2,2,1,0,2,0,0,0,1
339,1,1,2,3,3,0,2,3,0,0,1,2,4,2,1,0,1,0,0,0,1
340,1,4,4,7,8,0,1,1,1,0,3,3,1,2,2,1,2,0,1,0,1
341,0,4,2,3,7,0,3,0,1,0,3,2,1,2,0,0,1,0,0,0,1
342,1,3,2,4,6,2,1,0,3,0,2,0,1,2,0,0,2,0,0,0,1
343,1,3,2,9,7,0,4,0,2,1,0,0,4,0,1,0,3,0,1,0,1
344,2,1,2,0,7,0,1,0,2,2,0,1,6,2,1,0,1,1,0,0,1
345,3,2,4,4,2,0,2,3,1,0,1,2,7,2,1,0,1,0,0,0,1
346,1,2,4,4,0,0,1,3,2,2,3,0,0,2,1,1,2,0,0,0,1
347,1,4,2,4,7,2,0,0,1,0,3,3,0,2,0,0,0,0,0,0,1
348,3,0,3,9,3,1,2,0,2,0,1,0,5,2,1,1,1,0,0,0,1
349,1,0,4,7,1,3,4,3,2,0,2,3,4,2,2,1,2,1,0,0,2
350,3,0,2,5,1,0,1,0,1,0,3,0,0,2,0,0,2,0,1,0,1
351,1,0,2,3,1,0,2,0,1,0,1,2,3,2,1,0,2,0,0,1,2
352,3,3,4,1,6,4,0,1,2,0,3,3,6,2,1,0,3,0,1,0,1
353,0,1,0,4,8,0,2,3,2,0,1,1,2,2,0,1,2,0,1,0,2
354,3,1,2,7,0,2,4,3,2,0,3,3,8,2,2,0,2,0,1,0,1
355,1,4,2,0,1,0,1,3,2,0,1,0,0,1,1,0,1,0,0,0,2
356,3,1,4,4,5,4,4,0,2,1,3,0,8,2,1,0,2,0,1,0,1
357,3,6,3,4,7,0,2,3,2,0,1,2,1,2,1,1,3,0,1,0,2
358,3,1,2,4,0,0,2,3,3,0,1,0,2,2,1,0,2,0,0,0,1
359,0,5,2,3,5,0,3,3,1,0,3,0,0,2,0,0,2,0,0,0,2
360,1,3,2,7,1,4,2,3,2,0,3,3,9,2,2,0,2,0,0,0,1
361,2,1,2,4,6,4,4,1,2,0,2,2,6,2,1,0,3,0,0,0,1
362,2,1,3,0,4,0,2,1,1,0,1,2,5,1,1,1,2,0,1,0,1
363,3,0,2,3,3,0,2,0,3,0,1,1,0,2,0,0,2,0,0,0,1
364,0,3,2,3,5,0,0,3,2,0,0,2,1,2,1,0,0,0,0,0,2
365,3,1,2,9,3,0,3,1,2,0,3,2,5,2,1,0,2,0,1,0,1
366,3,3,4,1,7,0,3,2,2,0,0,2,2,2,1,1,2,0,0,0,1
367,0,3,2,3,7,0,1,0,1,0,3,2,0,2,0,0,2,0,0,0,1
368,0,6,2,3,6,0,4,3,2,0,1,2,7,2,1,0,2,1,0,0,2
369,1,3,2,3,6,0,3,1,1,0,3,0,7,2,0,0,2,0,0,0,1
370,3,6,2,0,6,4,2,3,2,0,3,0,5,2,1,0,2,0,0,0,1
371,3,3,4,4,8,0,4,2,2,0,3,2,4,2,1,1,2,0,1,0,1
372,3,1,4,3,4,0,1,0,1,0,2,0,0,2,0,1,2,0,0,0,1
373,3,7,4,0,9,4,4,1,2,0,3,3,9,0,2,0,3,0,1,0,1
374,1,7,1,2,9,1,4,2,1,0,3,3,9,0,2,1,3,0,1,0,2
375,0,7,1,9,9,0,3,1,1,2,3,2,6,2,0,0,2,0,0,0,2
376,3,3,3,4,5,0,0,1,3,0,2,0,5,2,1,1,2,0,0,0,1
377,3,0,3,4,0,4,4,2,2,0,3,3,5,2,2,0,2,0,0,0,1
378,1,6,2,0,9,0,4,3,2,0,1,3,9,2,2,0,3,0,1,0,2
379,3,0,4,0,0,1,2,3,1,0,3,2,8,2,1,1,1,0,0,0,1
380,0,4,2,3,4,4,3,3,2,0,3,2,6,2,1,0,2,0,1,0,1
381,1,3,2,1,9,0,0,2,1,0,3,3,6,2,2,0,3,0,1,0,2
382,3,4,2,0,2,4,3,3,1,0,3,1,1,2,0,0,2,0,0,0,1
383,2,1,2,0,2,0,1,3,2,0,0,0,1,2,1,0,2,0,0,0,1
384,3,5,3,9,7,1,2,1,2,0,1,1,1,2,1,1,1,0,0,0,1
385,3,3,4,4,4,0,2,1,1,0,0,2,1,2,1,1,2,0,0,0,1
386,3,3,2,4,1,4,1,3,1,0,1,0,0,2,0,0,2,0,1,0,1
387,1,3,4,3,9,0,0,3,2,0,3,1,7,1,1,1,3,0,1,0,1
388,1,2,4,9,5,2,2,1,2,0,3,2,2,0,1,0,2,0,0,0,1
389,3,0,2,9,2,0,3,2,1,0,1,2,2,2,1,1,2,0,0,0,1
390,3,3,2,0,3,0,2,1,3,0,1,1,3,2,1,0,3,0,1,0,1
391,1,1,2,3,1,3,1,0,1,0,3,0,0,2,0,0,1,0,0,0,1
392,0,6,2,0,6,0,3,1,2,0,3,3,6,0,2,0,3,1,1,0,1
393,0,0,4,4,4,0,3,0,1,0,3,2,4,2,1,0,2,0,0,0,1
394,3,0,4,3,5,0,0,1,2,0,2,2,4,2,1,0,3,0,0,0,1
395,1,7,3,7,9,1,3,1,2,0,2,3,4,2,0,0,2,0,1,0,1
396,0,1,2,3,5,0,0,2,1,0,3,3,9,2,2,0,3,0,0,0,1
397,0,6,4,3,5,0,2,2,3,0,1,1,8,2,1,1,2,0,1,0,1
398,1,1,2,0,1,0,4,0,0,0,0,0,8,2,0,1,2,0,0,0,2
399,3,4,4,4,3,3,2,3,1,0,0,0,7,2,1,1,1,0,0,0,1
400,3,3,2,4,2,0,1,2,3,0,3,0,6,2,1,0,2,0,1,0,1
401,1,3,4,9,3,4,2,3,3,0,3,0,2,0,1,1,2,0,0,0,1
402,3,4,3,9,9,0,1,1,2,0,1,2,2,0,1,1,2,0,1,0,2
403,3,2,3,0,0,0,2,3,2,0,1,2,2,2,1,1,1,0,0,0,1
404,1,3,3,0,6,4,4,3,2,0,3,2,7,2,1,0,2,1,0,0,1
405,1,4,2,4,4,0,1,0,3,0,0,1,0,2,1,0,2,0,1,0,2
406,3,4,4,1,4,4,3,3,2,0,3,2,7,2,1,1,2,1,1,0,1
407,0,2,2,4,1,0,1,3,3,0,1,0,2,2,1,0,2,0,0,1,1
408,3,4,2,4,6,2,4,2,0,0,1,2,1,2,1,0,3,0,1,0,1
409,2,1,4,0,1,2,3,3,3,0,1,0,2,2,1,2,2,0,1,0,2
410,1,4,2,4,4,0,4,3,1,0,3,2,0,2,1,0,2,0,1,0,1
411,3,6,4,1,9,0,3,2,2,0,1,2,5,2,1,1,3,0,1,0,1
412,3,1,4,9,4,0,0,3,2,0,1,2,7,1,1,1,3,0,1,0,2
413,3,1,2,0,3,2,2,2,2,0,1,3,7,2,0,0,1,1,0,1,1
414,0,4,2,0,2,4,2,3,1,0,1,1,5,2,1,0,2,0,0,0,2
415,3,6,4,1,8,0,4,1,2,0,1,1,5,2,1,1,2,1,1,0,1
416,0,1,2,0,5,0,1,3,2,0,0,0,4,2,1,0,1,1,0,0,2
417,0,3,3,7,9,4,2,0,1,0,1,2,0,2,0,1,2,0,1,0,1
418,3,4,2,0,5,2,3,0,1,0,1,2,4,0,1,0,3,0,0,0,1
419,1,3,2,0,1,4,2,3,1,0,1,1,4,2,1,0,2,0,0,0,2
420,3,2,2,0,6,3,3,1,1,0,2,2,0,2,0,0,2,0,0,0,1
421,1,1,2,1,4,4,2,3,2,0,1,2,3,2,1,0,2,0,0,0,1
422,1,1,4,0,1,0,3,1,2,0,2,0,8,2,1,1,1,1,0,0,1
423,3,4,3,3,3,1,3,3,2,0,2,0,5,2,1,1,3,0,0,0,1
424,1,1,2,3,5,4,4,0,1,0,1,1,1,0,1,0,2,0,1,0,2
425,1,3,2,1,5,0,2,0,3,0,2,2,0,2,0,0,2,0,1,0,1
426,3,5,4,4,5,0,4,3,2,0,1,2,3,2,1,1,2,0,0,0,1
427,3,3,4,4,1,3,2,3,2,0,2,0,8,2,1,1,2,0,0,0,1
428,3,0,2,3,2,0,4,0,2,0,3,2,0,2,1,0,2,0,0,0,1
429,0,3,4,6,1,0,0,1,1,0,3,3,9,2,2,2,0,1,0,0,2
430,3,0,2,9,6,0,3,0,2,0,3,0,9,2,1,0,1,0,0,0,1
431,1,4,2,2,9,0,2,1,2,1,2,2,3,0,1,1,3,0,1,0,2
432,0,0,4,3,3,0,0,3,2,0,3,3,5,2,2,2,3,0,1,0,1
433,3,4,4,6,4,0,2,3,0,0,1,0,4,2,1,1,2,0,1,0,1
434,0,0,2,3,4,0,2,2,2,0,1,0,1,2,1,0,2,0,0,0,1
435,1,1,2,4,3,4,2,1,3,0,0,0,1,2,1,0,2,0,1,0,2
436,3,0,2,6,0,2,3,1,3,0,3,0,0,2,0,0,1,0,0,0,1
437,3,4,4,0,2,3,4,3,1,0,3,0,6,2,1,1,2,0,1,0,1
438,0,7,4,6,6,0,0,3,2,1,3,2,9,2,1,1,0,0,0,0,1
439,2,1,1,9,0,0,1,3,1,0,0,0,1,2,1,0,0,0,0,0,2
440,3,1,2,0,3,0,4,3,2,0,3,2,6,2,1,0,3,0,1,0,1
441,0,1,2,3,3,0,2,1,1,1,2,1,3,2,1,0,2,0,0,0,1
442,1,4,3,2,5,0,2,1,2,0,2,2,3,0,1,1,2,0,1,0,1
443,3,1,2,7,0,0,4,3,2,0,3,2,7,0,1,0,1,1,0,0,2
444,1,7,4,3,8,0,2,1,1,0,2,2,3,2,1,0,3,0,1,0,2
445,3,0,4,7,1,4,4,3,1,0,3,1,7,2,0,1,1,0,0,0,1
446,0,6,2,0,3,0,1,3,1,0,3,2,5,2,1,0,2,0,1,0,2
447,1,0,2,4,5,0,2,1,2,2,1,0,5,2,1,0,2,0,0,0,1
448,2,1,2,3,2,4,4,2,1,0,3,0,9,2,1,0,3,0,1,0,1
449,1,2,3,6,3,3,2,2,3,0,2,1,9,1,1,1,2,0,0,0,2
450,3,6,4,1,9,4,2,3,2,0,1,2,3,2,1,0,3,0,1,0,1
451,3,0,2,4,0,0,2,2,1,0,0,0,3,2,1,0,2,0,0,0,1
452,3,1,0,3,5,0,4,1,2,0,3,1,5,2,1,1,2,0,0,0,1
453,3,4,2,1,5,0,4,3,2,0,3,2,5,2,1,0,3,0,1,0,1
454,0,4,2,0,8,0,3,1,2,1,2,1,4,2,1,0,2,0,1,0,2
455,3,4,2,1,5,0,1,3,1,0,0,3,3,2,1,0,3,0,1,0,1
456,0,1,4,0,7,0,2,1,2,0,1,0,5,2,0,1,2,1,0,0,1
457,0,1,2,1,6,0,4,2,2,0,3,3,5,2,2,0,2,0,1,0,2
458,0,0,2,5,0,0,1,3,1,0,0,0,2,2,1,0,2,0,0,0,1
459,3,3,2,4,7,0,1,2,2,0,1,2,4,2,1,0,2,0,1,0,1
460,0,6,2,3,7,0,2,0,2,2,1,1,6,2,1,0,2,1,0,0,1
461,0,2,2,0,3,0,1,1,2,0,2,0,5,2,1,0,2,0,0,0,1
462,1,1,2,3,6,0,1,2,1,0,0,0,5,2,0,0,3,0,0,0,1
463,1,1,2,8,0,4,4,3,2,0,3,1,6,2,1,1,2,0,0,0,1
464,3,3,2,9,4,0,3,3,2,0,0,2,5,1,1,1,2,0,1,0,1
465,0,4,2,1,6,0,2,2,2,2,3,3,9,0,1,0,2,1,1,0,1
466,0,4,3,4,3,0,1,3,1,0,1,2,3,2,0,0,1,0,1,0,2
467,3,7,3,4,9,4,4,2,2,0,2,2,4,0,1,1,2,1,0,0,1
468,3,6,3,9,5,0,2,1,1,0,1,2,1,2,1,1,2,0,1,0,1
469,3,4,3,1,7,0,3,2,2,0,2,2,5,2,1,1,1,0,1,0,1
470,1,4,2,4,6,1,1,2,3,0,1,2,0,2,0,0,2,0,1,0,2
471,0,0,2,7,0,0,1,3,1,0,3,1,0,2,1,0,2,0,0,0,2
472,0,0,2,0,0,0,2,3,2,0,2,2,2,2,1,0,1,0,0,0,2
473,3,0,2,8,1,4,0,3,2,0,3,1,5,2,1,0,3,1,1,0,1
474,1,3,4,4,1,0,2,3,3,0,1,2,4,2,1,0,2,0,0,0,2
475,0,3,0,3,6,0,1,0,1,0,3,1,1,2,0,0,2,0,0,0,2
476,3,7,2,1,5,2,2,3,2,0,3,2,1,2,1,0,2,0,0,0,1
477,2,4,2,4,8,0,3,3,2,0,1,2,1,0,1,0,2,0,0,0,1
478,1,1,2,9,1,1,3,2,2,0,3,0,6,2,1,0,1,0,0,0,1
479,0,2,4,3,2,0,4,3,2,0,3,2,7,2,1,1,2,1,1,0,1
480,1,1,4,4,6,0,2,0,1,0,0,0,0,2,1,0,1,0,0,0,1
481,1,4,2,0,1,0,1,3,2,0,0,1,1,2,1,0,2,0,0,0,1
482,0,5,2,3,7,3,4,3,1,0,3,1,9,2,0,1,2,0,1,0,1
483,3,2,3,3,1,3,3,2,1,0,1,1,3,2,1,1,2,0,0,0,1
484,3,1,4,0,1,2,2,3,2,0,3,0,7,2,1,0,2,0,1,0,1
485,1,0,3,0,1,0,0,3,2,0,3,1,8,2,1,0,3,0,1,0,2
486,3,1,2,4,6,0,2,1,2,0,3,2,8,2,1,0,2,0,1,0,1
487,3,4,2,0,7,0,4,3,1,1,3,3,9,2,2,0,2,0,1,0,1
488,3,1,2,0,2,1,2,2,2,0,1,0,5,2,0,0,1,0,0,1,1
489,3,0,2,0,6,0,2,1,2,2,2,1,1,2,0,0,2,0,0,0,1
490,3,1,4,4,4,0,4,1,2,0,1,3,1,2,1,1,2,0,0,0,1
491,1,5,0,9,9,0,4,1,1,0,3,3,7,2,2,1,3,0,1,0,2
492,3,0,4,4,1,1,2,0,1,0,0,1,2,2,1,1,2,0,0,0,1
493,1,0,2,4,0,4,4,3,2,0,3,1,6,2,1,0,2,0,0,0,1
494,0,1,4,0,4,0,2,2,2,0,1,0,6,2,0,1,1,1,0,1,1
495,0,4,2,3,6,4,2,1,3,0,3,2,0,2,1,0,2,0,0,0,2
496,1,6,2,3,9,1,1,3,2,1,0,3,3,2,0,0,3,0,1,0,2
497,3,4,4,3,3,0,3,3,2,0,2,1,7,2,1,1,2,0,0,0,1
498,1,3,2,4,2,0,4,3,3,2,1,0,4,2,1,0,1,0,0,0,1
499,2,0,4,0,2,1,4,1,0,0,3,2,2,2,1,1,2,1,1,0,1
500,0,4,2,0,6,0,1,3,1,0,0,1,2,2,1,0,2,0,0,0,2
501,0,6,2,1,8,0,4,1,2,0,3,3,7,2,2,0,2,1,0,0,1
502,2,0,2,4,1,1,4,1,0,0,3,0,8,2,1,0,2,0,0,0,1
503,1,4,4,4,1,1,1,3,2,0,3,3,6,0,1,1,2,1,0,0,2
504,0,4,2,0,1,0,1,3,1,0,3,1,1,2,0,0,2,0,0,0,2
505,3,1,2,0,2,4,2,3,2,2,3,1,2,2,1,0,1,0,0,0,2
506,2,2,4,1,5,2,2,1,2,0,1,2,5,2,1,0,2,0,1,0,1
507,1,2,1,0,8,1,0,0,2,0,1,1,5,2,1,0,3,1,1,0,2
508,3,4,2,4,2,0,2,3,3,0,1,1,2,2,1,0,2,0,0,0,1
509,3,7,2,1,9,1,4,3,2,0,1,2,7,2,1,0,3,0,1,0,1
510,0,1,2,0,0,0,3,3,2,0,1,0,1,2,1,0,2,0,0,0,2
511,3,6,2,1,7,0,2,1,2,0,1,3,4,2,2,0,3,0,1,0,1
512,2,2,2,9,5,0,3,1,2,0,3,1,1,2,0,0,2,0,1,0,1
513,1,1,3,4,0,0,2,3,3,1,3,0,0,2,0,1,2,0,0,0,1
514,3,4,2,0,4,4,1,3,2,0,0,1,9,2,1,0,2,0,0,0,1
515,0,0,4,0,0,0,3,3,1,0,2,1,6,2,1,1,2,0,0,1,1
516,0,0,4,0,2,0,1,1,2,0,3,0,7,2,1,0,1,1,0,1,1
517,3,6,4,3,8,0,1,1,1,0,3,1,0,2,0,1,2,0,1,0,2
518,0,0,2,0,1,1,4,2,2,0,1,1,7,2,1,0,2,0,1,0,1
519,3,0,4,4,0,4,4,3,2,0,3,3,5,2,2,1,2,0,0,0,1
520,3,4,4,6,8,0,4,2,2,0,3,3,7,2,2,1,2,0,0,0,1
521,0,3,2,4,6,0,2,1,1,0,1,0,1,2,1,0,2,0,0,0,2
522,0,7,0,3,8,0,2,2,2,0,3,3,9,2,2,1,2,1,0,0,2
523,3,4,2,1,6,1,3,2,1,0,3,2,0,2,1,0,2,0,0,0,1
524,1,3,2,4,1,0,2,3,1,2,3,0,1,2,1,0,1,1,0,0,1
525,1,5,2,1,9,0,1,1,2,0,2,2,3,2,1,1,2,0,0,0,1
526,3,2,4,7,3,1,2,3,1,0,2,2,4,2,1,0,2,0,0,0,1
527,3,0,4,4,3,0,3,1,2,0,0,0,7,2,1,1,1,1,0,0,1
528,0,6,2,4,4,0,2,3,0,0,3,2,4,2,0,0,2,0,0,0,2
529,0,0,2,0,0,0,1,2,2,0,3,0,7,2,1,0,1,1,1,0,1
530,1,6,2,7,4,0,3,2,2,0,0,2,4,2,1,1,2,1,0,0,1
531,1,2,2,0,5,1,2,1,1,0,3,2,2,2,0,1,2,0,1,0,2
532,3,1,3,1,3,0,2,3,3,0,3,0,7,2,0,0,2,0,0,0,1
533,3,4,2,4,2,1,3,3,3,0,2,1,1,2,1,0,2,0,1,0,1
534,3,4,2,4,6,4,1,3,2,0,1,2,1,2,1,1,2,0,0,0,1
535,2,4,4,7,4,0,1,1,0,0,0,2,4,2,0,0,2,0,0,0,2
536,0,0,2,0,2,4,0,3,1,0,2,1,9,2,1,0,3,0,1,0,1
537,1,3,4,3,7,0,4,2,1,0,3,1,6,2,1,0,2,0,1,0,1
538,0,7,2,0,9,0,4,3,2,0,3,3,7,0,2,0,3,0,0,0,2
539,2,3,2,3,6,0,1,0,1,0,0,1,7,1,1,0,1,0,0,0,1
540,1,1,2,4,3,0,1,0,3,0,0,0,0,2,0,0,2,0,0,0,2
541,3,4,3,0,4,0,4,3,2,0,3,3,9,2,2,1,2,0,1,0,1
542,0,5,2,3,8,4,4,3,2,0,3,1,4,2,1,0,2,0,0,0,2
543,2,3,2,3,6,0,2,1,2,0,0,0,5,2,1,0,1,1,0,0,2
544,3,1,4,0,1,0,4,3,2,0,3,0,9,2,1,1,1,0,0,0,1
545,0,4,3,0,2,0,0,3,2,0,1,0,7,2,2,1,2,1,0,0,2
546,3,4,4,0,4,0,2,3,1,0,3,2,6,2,1,0,2,0,1,0,1
547,3,4,2,4,3,0,3,2,2,0,0,2,4,0,1,0,2,1,0,0,1
548,0,1,1,4,0,0,2,3,1,0,3,0,1,0,1,0,1,0,0,0,2
549,3,7,4,1,9,4,3,1,2,0,0,3,5,2,2,1,2,0,1,0,1
550,3,1,4,6,1,4,3,3,1,0,3,0,0,2,1,1,2,0,0,0,1
551,3,0,1,4,3,2,4,1,2,0,3,1,7,0,1,0,1,1,0,0,1
552,0,7,2,4,8,0,3,0,3,2,0,0,5,2,1,1,2,0,1,0,2
553,1,1,4,0,4,1,1,3,2,0,0,2,2,2,1,0,2,0,0,0,1
554,1,0,2,7,1,0,3,3,1,0,3,1,9,2,1,1,3,0,1,0,1
555,1,1,2,4,2,0,1,1,2,0,0,2,0,1,1,0,2,0,0,0,2
556,1,3,0,0,4,1,1,2,1,0,2,2,2,2,1,1,2,0,0,0,2
557,3,4,0,0,8,4,2,0,1,0,3,1,3,0,1,1,2,0,1,0,2
558,0,4,1,3,6,0,3,2,2,0,3,2,2,0,1,0,2,0,0,0,2
559,1,3,4,3,4,0,1,1,2,0,1,0,4,2,1,1,1,0,0,0,2
560,0,4,2,1,6,4,4,3,2,0,3,3,8,0,2,0,2,1,1,0,1
561,0,4,1,4,3,0,3,3,2,2,3,2,1,0,0,0,1,0,0,0,2
562,2,0,3,4,0,0,1,1,1,0,0,1,3,0,1,0,2,0,0,0,1
563,1,6,2,0,9,4,2,0,2,0,3,3,6,2,2,0,2,0,1,0,2
564,1,4,3,9,7,4,2,3,2,0,1,1,6,0,1,1,3,0,1,0,1
565,1,4,3,4,3,1,3,2,1,0,1,1,0,2,0,1,2,0,1,0,1
566,0,1,2,0,2,0,3,1,0,0,2,2,5,2,1,0,2,0,0,0,2
567,3,4,4,4,5,3,4,1,2,0,1,2,5,2,1,0,2,0,0,0,1
568,1,7,2,4,7,4,3,3,2,0,0,2,7,2,1,1,2,1,1,0,1
569,0,7,2,4,8,0,2,2,1,0,1,2,4,2,1,0,2,0,1,0,2
570,0,4,2,3,6,0,1,3,1,0,3,0,0,2,0,0,1,0,1,0,2
571,3,5,4,4,8,0,3,2,2,1,1,2,6,2,1,0,2,0,0,0,1
572,3,4,2,1,8,4,0,1,1,0,3,1,1,2,0,0,3,0,1,0,1
573,0,2,2,9,0,0,2,3,1,0,3,1,0,2,1,0,1,0,0,0,1
574,1,0,2,4,1,0,4,3,2,0,3,2,2,2,1,1,1,0,0,0,1
575,3,2,4,3,5,0,3,1,1,1,2,2,1,0,1,1,2,0,0,0,1
576,1,1,2,4,6,0,3,1,1,0,0,0,2,2,1,0,2,0,0,0,1
577,3,4,4,7,4,4,2,2,1,0,1,2,4,2,1,1,2,0,1,0,1
578,1,6,4,0,5,0,1,3,0,0,3,2,2,2,1,1,2,0,0,0,2
579,3,4,2,8,1,0,1,3,3,0,2,2,2,2,1,1,1,0,0,0,1
580,1,3,4,0,1,0,4,2,2,2,2,0,3,0,1,1,2,0,0,0,2
581,1,1,4,0,6,0,1,0,2,0,2,0,8,0,1,1,1,1,0,0,1
582,3,0,2,3,2,0,2,3,1,0,1,0,1,2,0,0,2,0,0,0,1
583,1,6,2,6,5,0,1,3,2,0,0,3,4,2,0,0,1,0,0,0,2
584,3,1,2,0,4,4,4,3,1,0,3,3,8,2,2,0,3,0,1,0,1
585,0,3,2,3,4,0,2,0,1,0,3,0,0,0,0,0,2,0,0,0,2
586,0,0,4,0,5,0,2,1,2,0,1,0,5,2,0,1,2,1,0,0,1
587,0,1,2,3,2,0,2,3,2,2,0,1,0,2,1,0,1,0,0,0,1
588,0,3,2,5,1,0,2,3,3,0,2,0,8,2,1,0,1,0,1,0,2
589,0,1,4,3,4,0,4,2,2,0,2,1,9,2,1,1,2,0,0,0,2
590,0,1,4,4,0,0,3,3,1,0,2,0,9,2,1,3,1,0,1,0,1
591,1,4,3,0,4,4,2,3,1,0,3,2,7,2,0,1,2,0,1,0,1
592,3,4,2,9,3,3,4,3,1,0,3,0,5,0,1,0,1,0,0,0,1
593,1,4,2,0,5,0,2,2,1,0,3,1,0,2,0,0,1,0,1,0,2
594,0,4,1,2,2,4,4,3,2,0,2,2,7,1,1,0,3,0,1,0,2
595,1,0,1,0,0,1,1,0,1,0,0,1,4,1,1,0,1,0,0,0,2
596,0,4,2,0,2,0,3,3,1,0,3,2,0,2,0,1,2,0,0,0,2
597,1,4,0,9,7,0,2,0,2,0,3,0,5,2,1,2,1,0,1,0,2
598,3,3,4,0,5,0,3,1,2,0,1,1,4,0,1,1,2,0,0,0,2
599,3,4,3,9,7,0,2,0,2,0,1,3,4,2,2,0,2,0,0,0,1
600,1,0,2,4,5,0,1,0,1,2,0,0,7,2,1,0,2,0,0,0,1
601,1,0,2,3,0,0,2,3,1,0,0,1,3,2,1,0,2,0,0,0,2
602,1,4,1,7,3,0,3,3,1,0,3,3,5,0,2,0,1,0,0,0,2
603,3,6,2,3,6,0,2,3,1,0,1,2,2,2,1,0,3,0,1,0,2
604,2,1,2,3,2,0,1,3,1,0,1,1,0,2,1,0,2,0,0,0,1
605,0,4,1,3,5,2,2,3,2,0,3,0,0,1,1,0,2,0,1,0,1
606,3,4,4,9,7,0,2,2,2,0,1,0,9,2,1,0,3,0,1,0,1
607,1,6,2,4,5,1,2,3,1,1,3,3,8,2,2,0,2,0,0,0,2
608,3,3,2,4,4,0,1,3,2,0,0,0,4,2,1,0,2,0,0,0,1
609,3,2,2,1,2,4,4,3,2,0,3,3,7,0,2,0,2,1,0,0,1
610,0,1,2,5,0,1,0,3,1,0,2,1,0,2,1,0,2,0,0,0,2
611,2,1,2,0,1,1,4,0,1,0,3,3,8,2,2,0,1,1,0,0,2
612,0,4,2,4,6,3,1,3,1,0,1,2,3,0,1,0,2,0,0,0,1
613,0,4,1,1,7,0,2,0,1,2,3,2,0,0,0,0,2,0,0,1,1
614,3,3,3,3,3,0,3,3,1,0,0,0,0,2,1,0,2,0,0,0,2
615,1,7,0,9,9,4,2,1,2,0,1,2,8,0,1,0,3,0,1,0,1
616,1,7,3,4,9,4,2,1,2,0,1,3,2,2,2,0,3,0,0,0,1
617,0,0,4,0,7,0,2,0,2,0,2,0,6,2,0,2,2,1,0,0,1
618,1,5,2,3,6,1,2,1,1,1,3,2,0,2,0,0,2,0,0,0,2
619,3,1,2,0,0,0,2,3,0,0,1,0,8,2,1,0,1,0,0,0,1
620,1,4,4,9,7,0,3,1,2,0,2,1,2,2,1,1,2,0,0,0,1
621,3,3,4,0,3,0,2,2,2,0,1,1,4,0,1,1,2,0,0,0,2
622,3,7,2,9,7,4,2,3,0,0,1,0,6,0,1,0,2,0,0,0,2
623,0,1,2,3,3,0,1,3,1,0,0,2,0,2,0,0,2,0,0,0,1
624,0,3,2,4,5,0,2,3,2,0,3,3,9,2,2,1,2,0,0,0,2
625,3,2,2,4,4,4,4,3,2,0,1,2,5,2,1,0,2,0,0,0,1
626,2,0,2,3,4,0,2,1,2,0,1,0,7,2,1,0,2,0,1,0,1
627,1,0,1,0,2,1,3,1,2,0,2,3,3,2,1,0,2,0,0,0,2
628,3,7,4,3,7,2,2,3,2,0,3,0,5,2,1,1,2,0,1,0,1
629,3,0,2,7,7,4,4,0,2,0,3,0,9,2,1,0,1,0,0,0,1
630,0,4,2,4,7,0,2,1,1,0,3,2,2,2,1,0,2,0,0,0,1
631,0,3,1,3,3,0,2,3,2,0,2,2,7,0,1,0,2,0,0,0,2
632,1,2,2,4,2,4,1,3,2,0,0,1,0,2,1,0,2,0,0,0,1
633,3,0,2,3,4,0,1,1,1,1,1,2,0,2,0,1,2,0,0,0,2
634,1,4,2,0,2,0,1,2,1,0,3,2,1,2,1,0,1,0,1,0,2
635,3,1,2,7,2,0,4,3,2,0,3,1,8,0,1,2,2,1,1,0,1
636,3,4,2,4,2,2,3,3,1,0,0,2,2,2,1,0,2,0,0,0,1
637,3,7,3,4,9,0,3,1,2,0,3,2,0,2,1,1,2,0,1,0,1
638,3,1,2,4,3,0,1,3,1,0,2,2,5,2,1,0,2,1,0,0,1
639,0,7,3,4,7,0,3,2,2,0,1,1,1,0,1,1,2,1,1,0,2
640,0,3,2,7,0,0,0,3,1,0,0,0,2,2,1,0,0,0,0,0,2
641,1,2,2,6,2,0,4,3,2,0,3,2,6,2,1,1,1,0,0,0,1
642,3,2,2,7,7,1,2,2,2,0,1,1,7,2,1,0,3,0,1,0,2
643,3,4,4,4,3,0,3,3,3,2,1,2,4,2,1,1,2,0,1,0,1
644,0,3,4,4,3,0,3,3,3,0,0,1,4,2,1,1,3,0,1,0,1
645,3,6,3,9,9,4,1,3,2,0,3,2,2,2,0,1,2,0,1,0,2
646,0,5,0,3,7,0,2,1,0,2,1,0,4,2,1,1,2,0,0,0,1
647,3,1,2,0,2,2,2,1,1,0,1,1,1,2,1,0,2,0,0,0,2
648,2,4,2,0,1,0,3,3,2,0,2,3,6,0,2,0,2,1,0,0,2
649,0,1,2,7,0,0,2,3,2,0,3,2,7,2,0,0,1,1,0,0,2
650,0,7,2,7,9,0,3,3,2,0,0,3,8,2,2,0,3,0,1,0,1
651,1,1,2,3,4,0,2,3,2,0,1,1,6,2,1,0,1,0,0,0,2
652,0,4,2,0,4,0,4,3,2,1,0,0,7,2,1,0,2,0,0,0,2
653,1,6,3,0,9,1,4,1,2,0,3,2,7,2,1,3,3,0,1,0,2
654,3,4,4,1,5,0,3,3,2,0,2,2,5,2,1,1,2,0,1,0,1
655,0,2,2,0,7,0,0,0,2,0,3,3,0,2,2,0,2,0,0,0,1
656,1,1,2,0,0,0,4,3,2,0,3,2,7,0,1,0,1,1,0,0,2
657,3,7,2,4,9,4,3,3,2,0,2,2,6,1,1,0,2,0,1,0,1
658,1,5,0,9,7,0,2,1,1,0,0,2,2,2,1,1,2,0,0,0,1
659,1,3,4,3,8,0,4,1,2,0,0,3,7,2,1,0,2,0,1,0,1
660,2,1,2,4,2,0,2,2,3,0,3,0,0,2,0,0,2,0,0,0,1
661,0,1,2,0,0,4,2,3,3,0,1,2,0,2,1,0,2,0,0,0,2
662,3,4,2,3,4,0,4,3,2,0,1,0,8,2,1,1,2,0,0,0,1
663,1,0,3,3,1,0,0,3,2,0,0,1,5,1,1,1,3,0,1,0,1
664,2,0,4,7,1,0,2,1,1,0,3,1,8,2,1,0,1,0,0,0,1
665,3,4,4,2,8,0,0,3,2,1,1,3,2,0,1,1,3,0,1,0,1
666,1,5,1,3,6,3,2,3,2,0,1,2,5,1,1,0,2,1,1,0,1
667,3,7,1,9,7,0,2,0,1,0,0,0,2,1,1,0,2,0,0,0,1
668,0,1,4,0,8,0,4,2,2,1,3,1,7,2,0,1,2,0,1,0,2
669,2,5,4,4,6,0,4,3,2,0,3,1,8,2,1,0,2,0,0,0,1
670,3,4,4,9,7,1,2,2,2,0,2,1,2,2,1,1,1,0,1,0,1
671,3,6,2,9,8,1,3,1,2,0,1,2,4,2,1,1,2,0,1,0,1
672,3,7,2,0,9,0,4,1,2,0,3,1,7,2,1,0,3,0,1,0,1
673,3,0,4,0,4,2,2,0,3,0,1,2,1,2,1,0,2,0,0,0,1
674,3,4,3,9,5,2,1,3,2,0,1,0,7,0,1,0,1,1,0,0,2
675,3,5,4,4,7,0,3,3,1,0,3,2,1,2,0,0,3,0,1,0,1
676,3,4,4,3,8,0,4,3,2,0,3,2,4,2,1,0,2,0,1,0,1
677,1,7,2,4,8,1,2,1,3,0,1,2,1,2,1,0,2,0,0,0,2
678,0,4,2,4,5,0,4,3,2,0,3,0,9,0,0,0,1,0,0,0,1
679,3,3,2,4,2,0,1,2,1,0,0,0,1,2,1,0,2,0,0,0,1
680,3,0,2,7,3,0,1,0,1,0,1,3,9,2,1,0,2,0,0,0,1
681,3,1,2,4,4,4,2,3,2,0,3,3,6,2,2,0,2,0,1,0,1
682,3,2,3,4,2,0,2,3,3,0,2,0,4,0,1,1,2,0,0,0,1
683,3,4,4,4,8,0,1,2,3,0,2,3,8,2,2,2,2,0,1,0,1
684,1,6,3,9,9,1,3,0,2,0,2,1,4,2,1,1,1,1,1,0,1
685,3,7,2,0,8,4,2,3,2,0,3,3,5,2,2,0,2,1,1,0,1
686,2,1,4,4,2,4,3,3,2,0,1,1,2,2,1,1,2,0,1,0,1
687,1,6,3,0,6,1,4,3,2,0,2,3,3,2,2,0,2,0,0,0,1
688,3,0,2,4,5,1,4,2,2,1,3,2,5,2,1,0,2,0,1,0,1
689,0,1,2,0,7,3,2,0,2,0,2,1,4,2,1,0,2,1,0,0,1
690,0,2,4,3,1,0,2,1,0,0,2,1,1,2,1,1,2,0,0,0,1
691,1,2,2,6,5,1,2,2,1,0,1,0,1,2,1,0,1,0,0,0,1
692,1,4,2,4,6,1,1,1,2,0,0,2,3,2,1,0,2,0,0,0,1
693,0,0,4,0,7,4,1,0,2,0,2,0,7,2,1,1,1,1,0,0,1
694,3,4,2,4,4,0,3,3,2,0,1,2,2,2,1,0,2,0,1,0,1
695,3,0,2,1,1,2,2,1,2,0,3,1,8,2,0,0,2,0,0,0,1
696,1,1,2,4,1,0,3,3,2,2,2,0,3,2,1,1,2,0,0,1,1
697,3,1,4,0,0,0,0,0,1,0,1,1,6,2,1,0,0,0,0,0,1
698,3,3,4,4,3,0,2,3,2,0,1,2,1,2,1,1,2,0,0,0,1
699,2,2,2,7,3,0,4,3,2,0,3,2,7,2,0,0,3,0,1,0,1
700,3,1,2,3,1,2,2,3,1,0,3,2,3,2,0,0,1,0,0,0,2
701,0,7,4,1,8,0,4,3,2,0,3,3,8,2,2,1,2,0,1,0,2
702,2,4,2,4,2,1,4,3,1,0,1,3,8,2,2,0,2,0,1,0,1
703,1,5,3,9,5,1,4,3,2,0,1,1,7,1,1,1,2,0,0,0,1
704,1,5,2,9,5,0,1,3,1,0,0,1,4,2,1,0,2,1,1,0,1
705,3,2,2,0,8,2,4,0,1,0,3,3,5,2,2,0,2,0,0,0,1
706,1,7,2,0,8,1,3,2,2,0,1,1,1,2,1,0,2,0,0,0,2
707,1,1,0,3,6,0,1,3,1,0,2,1,1,2,0,1,2,0,0,0,2
708,1,0,2,4,1,0,4,3,1,0,3,0,1,2,1,0,2,0,0,0,1
709,1,0,2,4,4,0,2,1,2,0,1,0,6,2,1,0,1,1,0,0,1
710,3,3,4,4,0,2,4,3,2,0,2,1,4,0,1,1,3,0,1,0,1
711,0,0,1,7,1,0,4,3,1,0,3,3,5,2,2,0,2,0,0,0,2
712,3,4,2,1,5,4,4,3,2,0,3,0,8,2,1,0,3,0,1,0,1
713,0,0,4,4,1,0,2,3,2,0,3,0,1,2,1,1,1,0,0,0,1
714,1,7,2,0,9,0,3,3,2,0,1,3,2,2,1,0,3,0,1,0,2
715,3,5,4,1,9,4,4,0,2,0,3,2,9,2,1,1,2,0,0,0,1
716,3,5,4,4,6,4,4,2,2,0,1,2,7,2,1,1,2,1,1,0,1
717,3,3,2,4,3,0,2,3,2,0,1,3,4,2,2,0,3,0,1,0,1
718,2,4,4,4,6,4,2,2,2,0,1,2,4,2,1,1,2,0,1,0,1
719,1,4,0,1,8,1,4,2,3,0,3,2,4,0,1,1,2,0,1,0,1
720,2,0,0,4,2,0,1,3,2,0,1,2,5,2,1,1,3,0,1,0,2
721,1,0,1,7,0,3,1,3,1,0,1,1,1,0,0,0,2,1,0,0,2
722,0,1,2,0,1,0,2,3,1,0,1,0,1,2,1,0,1,0,0,0,2
723,1,0,2,4,0,2,2,3,1,0,2,0,9,2,1,0,1,0,0,0,1
724,3,5,2,0,5,0,2,2,1,0,2,0,0,2,0,0,2,0,0,0,2
725,3,0,4,0,0,3,2,1,1,0,1,0,7,0,1,1,1,0,0,0,1
726,3,2,4,4,2,2,2,1,3,0,1,1,8,2,1,1,1,0,0,0,1
727,0,3,2,4,3,0,2,3,1,0,3,2,1,0,0,1,2,0,0,0,2
728,1,7,1,9,8,0,4,3,1,0,2,3,9,2,0,0,2,0,0,0,2
729,2,4,4,9,2,3,2,1,0,0,3,0,5,2,1,1,2,0,1,0,1
730,1,4,3,4,8,0,1,0,2,0,1,2,4,2,1,0,2,0,0,0,1
731,0,4,2,4,4,0,2,1,2,0,3,0,0,2,0,0,1,1,0,0,2
732,1,0,2,4,0,0,3,3,1,2,1,0,7,2,1,0,1,0,0,0,1
733,3,4,2,1,5,3,2,1,1,0,3,2,2,2,0,0,2,0,1,0,1
734,3,0,4,0,6,0,3,0,1,0,0,0,6,2,1,0,2,1,0,0,1
735,1,6,1,5,7,4,1,2,1,0,1,3,3,0,1,0,0,0,0,0,1
736,1,4,2,1,9,0,2,0,1,0,3,2,0,2,0,1,3,0,0,0,2
737,0,3,2,0,7,1,2,2,2,0,3,2,5,2,1,0,1,1,1,0,1
738,3,0,4,0,8,0,3,0,2,0,2,3,7,2,1,1,3,1,1,0,1
739,1,5,0,9,7,1,2,3,1,0,3,2,1,2,0,1,1,0,0,0,2
740,0,4,1,0,5,1,3,1,2,0,2,2,4,0,1,0,2,0,0,0,1
741,1,1,1,4,1,0,2,3,2,0,3,0,0,1,1,0,1,0,0,0,1
742,3,4,2,4,6,4,4,3,2,0,2,1,7,2,1,0,2,0,1,0,1
743,0,4,1,3,5,2,2,3,2,0,3,0,0,1,1,0,2,0,1,0,1
744,0,7,4,3,9,4,3,3,2,0,3,1,3,2,1,1,3,0,1,0,1
745,0,2,4,9,3,0,1,2,2,0,0,1,2,0,1,1,1,0,0,0,1
746,0,2,2,0,5,0,0,0,1,0,3,2,0,2,0,0,2,0,0,0,1
747,0,1,2,0,2,0,1,2,1,0,0,0,6,2,1,0,1,0,0,0,2
748,3,4,2,1,8,4,2,0,2,0,2,2,1,2,1,0,2,0,0,0,1
749,3,2,2,1,6,0,3,1,2,0,1,2,4,2,1,0,2,0,0,0,1
750,0,0,2,3,0,0,4,1,1,0,0,1,8,0,1,0,2,0,1,0,1
751,0,3,2,0,1,0,1,0,1,0,1,2,0,2,1,0,1,0,0,0,2
752,1,1,2,9,0,1,3,1,1,0,3,0,0,2,0,0,1,0,0,0,1
753,3,5,4,4,8,0,3,3,1,0,1,2,1,2,1,1,2,0,0,0,1
754,3,1,3,6,3,3,4,3,2,0,3,3,9,2,2,1,2,1,0,0,2
755,0,4,2,0,2,4,3,3,1,0,3,3,4,2,0,0,2,0,0,0,2
756,2,0,4,0,2,0,2,0,2,0,0,0,9,2,1,2,0,1,0,1,1
757,2,2,4,4,2,4,2,2,2,0,3,3,6,2,2,1,2,0,1,0,2
758,3,4,2,0,2,0,2,1,2,2,1,0,4,2,1,0,2,0,1,0,1
759,0,1,4,0,0,0,4,3,2,0,2,1,5,2,1,1,2,0,0,0,2
760,3,2,4,0,8,4,4,0,1,0,3,2,9,2,1,0,2,0,1,0,1
761,0,3,4,3,4,0,2,3,1,0,3,0,1,2,0,1,2,0,0,0,2
762,0,1,2,4,4,0,2,3,2,0,2,1,1,2,1,0,1,0,0,0,1
763,3,4,4,0,9,4,4,3,2,0,3,3,3,2,2,0,3,0,1,0,2
764,3,4,4,0,5,1,3,3,3,0,2,1,2,2,1,1,2,0,1,0,1
765,1,1,2,4,1,0,4,2,3,2,2,0,7,0,1,1,1,0,0,0,1
766,0,5,2,3,6,0,1,1,0,0,3,1,4,2,1,0,1,0,0,0,2
767,3,1,2,1,6,4,1,0,1,0,3,0,4,2,0,0,2,0,0,0,1
768,1,1,4,3,7,0,4,0,2,0,3,2,2,2,0,2,2,0,1,0,1
769,3,1,4,4,3,0,4,1,2,0,3,0,9,2,1,1,1,0,1,0,1
770,0,4,2,1,5,4,4,1,1,0,3,0,1,2,0,0,2,0,0,0,1
771,0,6,4,7,9,0,2,2,1,0,1,3,1,2,1,1,3,0,1,0,2
772,3,4,4,1,6,0,4,0,2,0,3,2,5,2,1,0,3,0,1,0,1
773,3,4,4,4,4,1,4,3,2,0,3,1,8,0,1,1,2,0,0,0,1
774,2,1,4,0,3,2,0,1,2,0,3,3,9,0,2,2,0,0,0,0,1
775,0,4,2,0,2,4,2,3,1,0,3,0,1,2,0,0,2,0,0,0,2
776,3,6,4,0,6,0,3,3,2,0,3,2,6,2,1,1,2,0,1,0,1
777,0,3,2,4,6,0,3,3,1,2,0,0,1,2,1,0,2,0,0,0,1
778,3,6,4,1,8,3,4,3,2,0,1,2,6,2,1,1,3,0,1,0,1
779,1,3,2,6,7,0,0,1,1,0,3,2,9,2,1,0,2,0,1,0,1
780,1,7,4,4,8,0,3,1,2,2,1,0,1,2,1,1,2,0,0,0,2
781,3,4,4,0,4,3,4,3,2,0,3,0,9,2,1,0,2,0,1,0,1
782,1,1,0,8,2,0,2,1,2,0,1,0,4,2,1,0,1,0,1,0,1
783,1,1,2,0,0,1,1,3,1,0,1,1,0,0,1,0,1,0,0,0,2
784,1,4,2,1,8,4,0,0,0,0,3,0,9,2,1,0,3,0,1,0,1
785,1,3,2,9,4,3,2,3,2,0,1,1,5,2,1,0,1,0,1,0,1
786,3,4,2,4,5,2,4,2,2,0,3,2,7,2,1,0,2,0,0,0,1
787,3,7,4,1,5,4,4,3,2,0,2,2,6,2,1,1,2,1,1,0,1
788,1,7,3,7,8,0,4,3,2,0,3,3,8,2,2,0,2,0,0,0,2
789,0,7,4,7,8,0,2,3,2,0,2,3,2,0,1,0,2,0,1,0,2
790,1,4,2,9,1,0,4,1,1,0,3,1,6,2,1,0,2,1,0,0,2
791,3,4,2,1,8,4,4,2,2,0,3,2,7,2,1,0,3,1,1,0,1
792,3,0,4,3,1,4,2,0,3,0,1,1,2,2,1,1,2,0,0,0,1
793,2,4,2,3,6,0,4,2,0,0,3,3,8,2,2,0,2,0,0,0,1
794,3,4,2,3,6,2,4,3,2,0,2,3,4,2,0,0,2,0,1,0,1
795,3,0,2,3,4,1,1,1,1,0,3,1,0,2,0,0,2,0,0,0,1
796,0,3,2,1,9,4,4,0,2,0,3,1,8,2,2,0,2,1,1,0,2
797,3,1,4,3,1,0,1,1,1,0,3,1,0,2,0,1,1,0,0,0,1
798,3,4,3,0,0,4,4,3,3,0,3,2,9,2,1,1,2,0,1,0,1
799,1,0,2,0,3,4,1,3,2,0,1,0,5,2,1,0,0,0,0,0,1
800,3,4,4,7,3,0,4,3,2,0,3,3,9,2,2,1,2,1,0,0,1
801,1,3,4,4,3,0,4,2,1,2,3,0,8,0,0,1,1,0,1,0,1
802,0,4,4,3,7,0,4,0,1,0,3,1,1,2,1,1,2,0,0,0,1
803,3,1,4,4,1,4,4,3,2,0,3,2,5,2,1,1,2,0,0,0,1
804,1,1,2,0,9,4,0,0,1,0,1,0,1,2,0,0,0,0,0,0,1
805,0,6,2,0,9,0,3,1,2,0,0,2,1,2,1,0,2,0,1,0,2
806,1,0,2,4,0,0,1,2,3,0,2,0,1,2,1,0,1,0,0,1,1
807,3,1,4,4,0,4,4,3,2,0,3,0,9,2,1,3,2,0,0,0,1
808,1,7,1,1,9,0,0,0,2,0,1,3,9,0,2,0,3,0,1,0,1
809,1,2,0,0,3,0,1,1,1,0,0,0,1,2,0,1,0,0,0,0,2
810,1,0,2,9,0,0,1,2,3,0,1,0,1,2,1,0,2,0,1,0,1
811,1,0,2,4,0,0,3,2,3,2,2,0,2,0,1,0,1,0,0,0,1
812,0,6,4,1,9,0,3,3,2,0,3,2,1,2,1,1,2,0,1,0,2
813,0,7,2,5,6,0,2,2,2,0,3,2,9,2,1,0,2,0,0,0,2
814,0,7,2,0,7,0,3,3,2,0,3,3,8,2,2,0,2,1,0,0,2
815,1,6,3,0,9,0,2,1,1,0,1,1,9,2,0,0,2,0,0,0,1
816,3,0,2,5,2,2,2,0,0,0,3,0,9,2,1,0,2,0,0,0,1
817,3,0,4,4,3,0,3,0,1,0,1,2,1,2,0,1,2,0,1,0,1
818,0,6,2,2,9,0,0,1,0,1,2,2,7,2,1,0,3,0,0,0,1
819,0,3,2,4,2,0,2,3,3,0,2,0,1,0,1,0,2,0,0,0,2
820,3,1,2,0,1,0,2,2,3,0,1,0,2,2,1,1,2,0,1,0,1
821,2,1,2,4,6,0,2,2,3,0,0,2,1,2,1,0,2,0,0,0,1
822,0,6,2,3,5,0,4,1,2,0,1,1,7,0,1,0,2,1,0,0,2
823,0,0,4,0,0,0,4,3,2,0,3,0,8,2,1,1,1,0,0,0,1
824,3,3,4,3,7,0,1,2,0,0,1,2,5,2,1,1,3,0,1,0,1
825,0,4,4,0,3,0,4,3,3,0,2,2,3,2,1,1,2,0,1,0,1
826,0,3,4,0,7,0,4,0,1,0,3,0,4,0,0,2,2,0,1,0,2
827,3,3,0,9,7,0,2,1,2,0,1,2,5,1,1,1,2,1,0,0,2
828,0,6,2,1,9,4,4,2,2,0,3,3,8,2,2,0,2,0,0,0,2
829,1,7,3,9,8,4,2,3,2,0,3,3,6,2,2,0,2,1,1,0,1
830,3,4,3,9,5,2,2,3,2,0,1,2,7,2,1,1,2,1,1,0,1
831,0,3,2,0,1,0,1,3,1,0,2,2,0,2,0,0,2,0,1,0,2
832,0,7,0,9,9,0,4,1,2,0,3,2,3,2,0,1,2,0,0,0,2
833,1,4,2,4,8,4,4,1,1,0,3,2,7,2,1,0,2,0,1,0,1
834,2,2,2,4,5,0,1,1,1,0,2,0,1,2,1,0,1,0,0,0,2
835,0,1,0,0,1,0,2,3,2,0,3,2,8,0,1,1,2,0,0,0,2
836,3,1,2,4,0,4,2,3,1,0,1,2,0,2,1,0,2,0,0,0,1
837,3,0,2,3,0,0,1,0,1,0,2,0,0,2,0,0,1,1,0,0,1
838,0,4,4,1,6,0,4,3,2,0,3,1,9,2,1,1,2,0,1,0,1
839,3,4,4,4,5,0,4,3,3,1,2,0,8,2,1,1,2,0,0,0,1
840,0,6,2,3,8,0,3,3,2,0,1,1,3,2,1,0,2,0,0,0,2
841,3,4,3,1,6,0,2,2,2,0,1,0,2,1,1,1,1,0,0,0,1
842,3,3,2,6,4,0,1,3,1,0,3,0,0,2,1,0,2,0,0,0,2
843,3,4,1,9,3,0,3,3,2,0,3,2,8,0,1,0,2,0,1,0,1
844,3,3,2,3,6,0,4,3,2,0,3,1,8,0,1,2,2,1,1,0,1
845,1,4,2,3,7,4,3,1,2,0,2,2,5,2,1,0,2,0,1,0,1
846,3,3,2,0,8,4,2,1,2,0,3,2,9,2,0,1,2,0,0,0,2
847,3,4,2,0,1,0,1,3,3,0,1,0,2,2,1,0,2,0,0,0,1
848,0,0,2,4,2,0,3,2,2,0,3,0,9,2,1,0,2,0,0,0,1
849,0,1,2,4,0,0,4,3,2,0,3,0,9,1,1,0,1,0,0,0,2
850,0,4,4,0,4,0,2,3,3,2,1,1,4,0,0,1,2,0,0,1,2
851,3,4,4,1,7,4,3,2,2,0,3,1,7,2,1,1,2,0,1,0,1
852,3,2,4,4,2,0,2,3,2,0,3,3,5,2,2,1,2,0,1,0,1
853,0,3,1,0,2,0,3,3,2,0,3,3,4,2,2,1,1,1,0,0,2
854,3,6,3,0,9,0,4,1,2,0,1,2,7,2,1,1,2,1,1,0,1
855,3,4,2,0,2,1,1,3,3,0,2,0,4,2,1,0,2,0,1,0,1
856,3,1,2,8,0,4,3,3,1,0,2,1,7,2,1,0,2,0,1,0,1
857,3,2,4,3,6,0,2,3,2,0,1,3,2,2,2,0,2,0,1,0,1
858,0,2,2,0,7,0,2,2,1,0,1,1,3,2,1,0,2,0,1,0,2
859,3,0,2,0,6,1,2,0,2,2,1,0,1,2,0,0,2,1,0,1,1
860,3,4,4,1,8,3,2,3,2,0,1,0,2,2,1,1,2,0,0,0,1
861,3,3,3,9,4,0,2,3,3,0,1,2,2,2,1,0,2,0,1,0,2
862,0,4,2,4,5,0,1,3,1,0,3,0,5,2,1,0,2,0,1,0,2
863,3,5,4,3,7,3,1,3,2,0,1,0,4,1,1,1,1,1,1,0,1
864,3,1,2,3,4,0,2,1,2,0,1,0,1,0,0,0,1,0,0,0,2
865,3,2,2,3,4,2,2,1,1,0,3,2,0,2,0,0,2,0,0,0,1
866,0,3,2,4,5,0,1,3,1,0,0,2,2,1,1,0,2,0,0,0,1
867,3,1,4,3,6,0,4,1,2,0,3,1,7,1,1,0,2,0,0,0,1
868,3,6,2,9,9,4,4,2,2,0,1,1,6,2,1,1,2,0,0,0,1
869,0,1,2,3,0,0,4,3,1,0,3,1,1,2,0,0,2,0,0,0,1
870,3,6,3,3,9,2,3,1,1,0,3,2,7,2,1,1,2,0,1,0,1
871,2,0,4,0,2,0,4,0,2,0,3,0,8,2,1,1,2,1,0,1,1
872,0,4,4,9,2,1,3,3,2,0,0,0,1,2,1,1,2,0,1,0,1
873,3,2,2,5,0,4,1,3,1,0,0,0,1,2,1,0,2,0,0,0,1
874,0,1,2,3,6,0,2,1,2,1,1,1,3,2,1,0,1,1,0,0,1
875,1,1,4,0,2,3,2,3,1,0,3,2,7,2,1,1,2,0,0,0,1
876,0,3,1,4,4,0,1,2,2,1,3,3,5,0,2,0,3,0,1,0,1
877,3,6,2,4,7,0,4,3,2,0,1,2,2,2,1,0,2,0,0,0,1
878,0,0,2,0,2,0,1,2,2,0,1,3,2,2,2,0,3,0,1,0,2
879,3,5,4,4,8,4,3,1,2,0,2,1,5,2,1,1,2,0,0,0,1
880,3,4,2,1,9,0,3,2,2,0,2,2,6,2,1,0,3,0,1,0,1
881,3,4,2,1,9,4,2,1,0,0,3,3,8,2,2,0,2,0,1,0,1
882,1,5,4,0,4,4,4,3,2,0,3,0,5,2,1,1,2,0,0,0,1
883,3,3,4,4,1,0,0,3,1,0,3,2,9,2,1,1,0,0,0,0,1
884,1,4,2,3,7,0,3,2,0,0,2,2,7,2,1,0,2,0,1,0,2
885,0,1,2,7,0,0,1,3,1,0,3,1,9,2,1,0,2,0,0,0,2
886,1,4,4,9,5,4,3,3,2,0,2,3,5,2,1,1,2,1,1,0,1
887,1,7,2,9,9,0,2,1,2,0,1,2,0,2,1,0,2,0,1,0,2
888,3,6,4,0,8,0,4,3,2,0,3,2,5,2,1,1,3,0,1,0,1
889,3,5,1,1,9,4,1,2,2,2,3,0,7,0,0,1,2,1,1,0,1
890,0,5,4,9,5,0,4,3,2,0,3,2,7,1,1,3,3,1,1,0,1
891,3,2,4,4,3,0,4,3,2,0,3,2,8,2,1,1,2,0,1,0,1
892,0,1,4,0,4,0,2,3,2,0,3,1,6,0,1,1,1,0,0,1,1
893,1,6,4,1,8,0,2,2,2,0,3,2,5,2,1,1,2,0,1,0,1
894,3,3,4,4,1,4,2,3,2,0,2,1,3,2,1,1,2,0,1,0,1
895,3,6,3,1,9,4,3,2,2,0,1,2,4,1,1,0,3,1,1,0,1
896,0,4,2,4,5,0,1,3,1,0,3,1,2,2,0,0,3,0,1,0,1
897,3,1,4,3,3,3,3,2,1,0,1,1,5,2,1,0,2,0,0,1,1
898,3,2,2,3,4,4,3,0,1,0,3,0,4,0,0,0,1,0,0,0,1
899,0,3,2,3,7,0,2,1,2,1,2,2,7,2,1,0,2,0,0,0,2
900,0,3,4,0,5,0,4,1,2,2,3,1,7,0,0,0,2,0,1,0,2
901,3,4,4,0,6,4,1,1,0,0,3,0,7,2,1,1,2,0,1,0,1
902,3,6,4,1,9,4,4,1,2,0,3,3,7,2,2,1,2,0,0,0,1
903,3,2,2,4,2,4,2,3,3,0,1,0,7,2,0,0,2,0,1,0,1
904,3,4,2,4,2,0,4,3,2,0,0,0,5,2,1,0,3,0,1,0,1
905,0,1,2,4,1,0,2,1,2,0,1,0,0,2,0,0,3,1,1,0,1
906,0,4,2,0,7,4,3,1,2,1,1,0,1,2,1,0,1,0,0,1,1
907,1,6,2,7,7,4,2,1,3,0,1,2,2,2,1,0,2,0,0,0,1
908,3,2,3,1,7,0,1,0,1,0,1,1,8,2,1,1,1,0,0,0,1
909,1,0,2,0,6,4,2,0,1,0,1,0,4,2,1,0,1,0,0,0,1
910,3,6,3,4,7,0,2,3,1,0,3,0,5,2,1,1,2,0,0,0,1
911,1,4,4,3,8,0,1,1,1,0,3,2,1,0,1,0,1,0,0,0,2
912,1,5,2,4,6,4,4,1,1,0,3,2,1,2,1,0,2,0,0,0,1
913,3,1,2,9,4,3,4,0,0,0,1,0,2,2,1,0,2,0,1,0,1
914,0,4,1,9,6,0,2,3,2,0,1,1,4,2,0,0,2,0,1,0,2
915,1,7,0,2,9,0,2,0,1,0,1,1,4,0,1,0,3,0,1,1,2
916,3,1,2,1,5,1,2,0,2,1,1,0,4,2,1,0,2,1,0,0,1
917,0,0,2,0,9,0,4,0,2,0,3,3,9,0,1,0,3,0,1,0,2
918,0,4,2,3,5,1,0,0,0,0,0,1,4,2,1,0,2,0,0,0,2
919,0,4,2,3,6,0,4,3,2,0,1,1,6,2,0,0,3,0,1,0,2
920,3,3,4,3,3,0,2,3,1,0,1,3,2,2,1,1,2,0,0,0,1
921,3,7,3,4,9,2,3,3,2,0,0,2,6,2,1,0,3,0,1,0,1
922,0,0,2,4,2,0,1,2,1,0,3,1,0,2,0,0,2,0,0,0,2
923,1,1,2,0,4,0,3,2,2,0,3,1,3,2,0,0,2,1,1,0,1
924,0,4,1,3,8,0,1,1,0,0,0,1,9,0,1,0,2,0,1,0,2
925,0,1,1,0,0,0,1,3,2,0,1,2,8,0,1,1,2,0,1,0,2
926,0,3,4,3,1,0,1,3,1,0,3,1,0,2,0,0,2,0,0,0,1
927,0,7,2,1,9,0,3,3,2,0,3,3,6,1,2,2,2,1,1,0,2
928,3,5,2,4,3,4,4,3,2,0,3,2,9,2,1,0,2,0,1,0,1
929,0,1,3,0,2,0,2,3,2,0,1,0,7,2,1,1,1,1,0,0,1
930,0,4,2,3,3,0,1,3,2,1,0,1,1,2,1,0,1,0,0,1,1
931,1,0,2,4,3,0,1,3,1,0,1,2,0,2,1,0,2,0,1,0,2
932,3,0,4,0,1,0,2,2,2,0,0,0,3,2,1,1,2,0,0,0,1
933,3,1,4,4,0,2,4,3,2,0,3,1,7,2,1,1,2,1,1,0,1
934,0,1,2,4,3,0,2,3,1,0,0,2,0,0,1,0,2,0,0,0,1
935,1,5,3,4,4,1,1,3,2,0,2,3,3,1,1,1,3,0,0,0,2
936,2,0,2,4,0,0,2,2,1,0,1,0,2,2,1,0,1,0,0,0,2
937,1,0,2,4,4,0,1,3,3,0,2,2,3,2,0,0,3,0,1,0,1
938,1,7,2,7,8,0,2,3,2,0,3,3,7,2,2,0,2,0,0,0,2
939,3,4,4,1,8,4,2,1,2,0,3,1,8,2,1,1,3,1,1,0,1
940,3,1,2,0,6,4,1,1,2,0,2,1,7,2,1,0,3,1,1,0,1
941,3,1,2,0,3,0,2,2,2,0,1,0,4,2,1,0,1,1,0,1,1
942,3,4,2,3,0,4,3,3,2,0,1,2,4,1,1,0,2,0,1,0,1
943,3,0,4,0,2,0,3,1,2,0,0,0,7,2,1,2,1,1,0,0,1
944,0,2,2,3,3,0,1,3,1,2,0,1,8,2,0,0,2,0,0,0,1
945,1,7,0,0,9,2,1,0,1,0,0,2,3,2,1,1,2,0,0,0,1
946,0,4,1,3,6,2,1,3,2,0,3,3,3,2,2,0,2,1,1,0,2
947,3,1,2,0,6,4,0,3,2,0,3,3,6,2,1,0,3,0,1,0,1
948,3,3,2,3,3,0,1,3,3,1,0,1,7,2,1,0,1,1,0,0,2
949,3,4,2,4,7,1,4,1,2,0,3,2,4,2,1,1,2,0,0,0,2
950,1,3,4,9,6,0,0,2,3,0,2,2,7,2,1,2,0,1,1,0,1
951,0,6,3,9,4,0,3,1,2,0,0,2,1,2,1,1,2,0,1,0,2
952,1,4,2,1,7,2,1,2,1,0,3,2,2,2,0,0,2,0,0,0,2
953,3,6,2,3,9,0,0,3,1,0,1,2,1,2,1,1,3,0,1,0,2
954,0,1,2,0,3,0,2,3,1,2,3,1,3,2,1,0,2,0,1,0,1
955,0,4,4,4,1,3,4,3,1,0,3,1,9,2,0,1,3,0,1,0,1
956,2,5,4,4,7,4,4,3,2,0,3,1,8,1,1,1,1,0,0,0,1
957,1,0,4,4,1,0,4,1,2,0,3,0,6,2,1,2,1,0,0,0,1
958,0,5,2,0,7,0,2,2,2,0,1,2,7,2,1,0,1,0,0,0,2
959,1,4,2,3,6,1,4,3,2,0,3,3,3,2,2,0,2,0,0,0,1
960,3,0,4,4,3,0,4,1,3,0,1,0,3,2,0,1,2,0,0,0,1
961,1,4,3,0,5,0,2,0,0,0,3,1,8,2,1,1,2,0,0,0,1
962,3,2,2,0,6,4,2,2,2,0,1,3,3,2,1,0,2,0,0,0,1
963,3,4,2,4,5,2,4,2,2,0,1,2,5,0,1,1,2,0,1,0,2
964,1,0,2,6,0,0,1,2,3,0,0,1,0,2,1,0,1,0,0,0,1
965,1,5,2,4,3,4,2,3,1,0,0,2,1,2,1,0,2,0,0,0,1
966,1,5,4,4,5,2,2,3,2,0,1,1,0,2,1,1,1,0,0,0,2
967,3,2,2,4,6,0,4,3,1,0,1,2,9,0,0,0,3,0,1,0,1
968,3,7,2,4,8,4,3,1,3,0,3,1,3,2,0,0,2,0,1,0,1
969,0,1,4,0,7,0,2,0,2,0,1,0,7,2,1,1,1,1,0,0,1
970,1,2,2,6,3,1,2,3,2,2,1,0,0,2,1,0,2,0,0,0,1
971,3,4,2,0,9,0,2,0,2,0,3,1,7,2,1,0,1,1,0,0,1
972,0,4,1,0,1,0,0,0,1,1,3,3,3,2,0,1,0,0,0,0,2
973,0,7,2,9,9,0,4,3,2,1,3,3,5,2,0,0,2,0,0,0,2
974,3,5,4,4,5,0,2,3,1,0,1,2,4,2,1,0,2,0,1,0,1
975,2,4,2,4,1,2,2,2,1,0,2,2,9,2,1,0,1,0,0,0,1
976,1,0,2,4,0,0,2,1,1,2,2,0,9,2,1,0,2,0,0,0,1
977,1,3,3,9,5,4,4,3,2,0,1,1,7,2,1,1,2,0,0,0,1
978,3,4,3,0,5,0,4,3,2,0,3,2,8,2,1,1,1,1,0,0,2
979,1,2,1,0,2,1,2,1,3,0,1,1,1,2,0,0,2,0,0,0,2
980,1,5,4,3,9,0,3,1,2,0,1,1,8,2,1,0,2,0,0,0,2
981,3,7,2,9,8,0,0,2,2,0,1,2,4,0,0,0,3,0,1,0,2
982,2,4,2,0,6,1,2,0,1,0,0,2,2,0,1,0,3,0,1,0,1
983,0,6,2,1,9,0,2,1,2,0,1,1,1,2,1,0,2,1,0,0,2
984,3,4,4,3,4,0,3,1,2,0,1,1,3,2,1,1,1,0,0,0,1
985,0,2,4,3,2,0,2,3,1,0,2,1,1,2,0,1,2,0,0,0,1
986,2,7,0,9,8,0,1,1,0,0,0,1,4,2,1,1,2,0,0,0,1
987,3,2,2,4,2,1,0,1,1,0,3,0,9,2,1,0,2,0,0,0,1
988,0,4,2,1,8,0,0,3,2,0,1,3,3,2,2,0,3,0,1,0,1
989,1,4,4,4,3,0,4,3,2,0,1,1,8,2,1,1,1,0,0,0,1
990,3,1,4,7,6,4,1,1,2,0,0,1,6,2,1,1,1,1,0,0,1
991,3,2,1,4,3,1,4,3,2,0,3,2,5,0,1,0,1,1,0,0,1
992,0,3,2,4,4,4,3,1,3,0,3,2,0,2,0,1,1,0,0,0,1
993,0,6,2,3,7,0,0,3,2,0,2,1,3,2,1,0,3,0,1,0,1
994,3,1,2,0,5,4,4,3,2,0,2,2,8,2,1,0,2,0,1,0,1
995,3,1,2,3,3,0,3,2,1,0,3,0,4,2,1,0,1,0,0,0,1
996,0,5,2,1,7,0,2,3,0,0,3,1,7,2,1,0,3,0,1,0,1
997,3,1,2,4,0,0,4,3,2,0,3,2,6,2,1,0,2,0,0,0,1
998,0,7,2,4,3,0,2,3,2,0,3,3,0,2,2,0,2,0,1,0,2
999,1,7,4,1,7,1,0,2,2,0,3,2,2,2,1,0,2,0,0,0,1
